api_id,api_name,major_category,subcategory,cli_group,cli_command,command_path,status,coverage_status,safety_policy,method,path,required_body_fields,required_header_fields,canonical_code_option,notes
au10001,접근토큰 발급,OAuth 인증,접근토큰발급,auth,login,kiwoom auth login,implemented,public,auth_write,POST,/oauth2/token,grant_type;appkey;secretkey,api-id;authorization,,Initial spec-derived mapping; review friendly command/action and argument map before implementation.
au10002,접근토큰폐기,OAuth 인증,접근토큰폐기,auth,revoke,kiwoom auth revoke,implemented,public,auth_write,POST,/oauth2/revoke,appkey;secretkey;token,api-id;authorization,,Initial spec-derived mapping; review friendly command/action and argument map before implementation.
ka00001,계좌번호조회,국내주식,계좌,accounts,list,kiwoom accounts list,implemented,guarded,account_read,POST,/api/dostk/acnt,,api-id;authorization,--account when account scoped; --code when instrument scoped,Implemented guarded account read command; response field acctNo is redacted in CLI output.
ka00198,실시간종목조회순위,국내주식,종목정보,stocks,realtime-rank,kiwoom stocks realtime-rank,implemented,public,read,POST,/api/dostk/stkinfo,qry_tp,api-id;authorization,--code when a code/symbol/sector/theme is required,Implemented as an explicit stocks read command; request fields are mapped in arguments.csv.
ka01690,일별잔고수익률,국내주식,계좌,accounts,daily-balance-return,kiwoom accounts daily-balance-return,implemented,guarded,account_read,POST,/api/dostk/acnt,qry_dt,api-id;authorization,--code when a code/symbol/sector/theme is required,Implemented via explicit arguments.csv mapping with account_read redaction; overseas accounts remain TODO until overseas runtime is verified.
ka10001,주식기본정보요청,국내주식,종목정보,stocks,info,kiwoom stocks info,implemented,public,read,POST,/api/dostk/stkinfo,stk_cd,api-id;authorization,--code when a code/symbol/sector/theme is required,First implemented public read command; --code maps to stk_cd.
ka10002,주식거래원요청,국내주식,종목정보,stocks,brokers,kiwoom stocks brokers,implemented,public,read,POST,/api/dostk/stkinfo,stk_cd,api-id;authorization,--code when a code/symbol/sector/theme is required,Implemented as an explicit stocks read command; request fields are mapped in arguments.csv.
ka10003,체결정보요청,국내주식,종목정보,stocks,fills,kiwoom stocks fills,implemented,public,read,POST,/api/dostk/stkinfo,stk_cd,api-id;authorization,--code when a code/symbol/sector/theme is required,Implemented as an explicit stocks read command; request fields are mapped in arguments.csv.
ka10004,주식호가요청,국내주식,시세,orderbooks,list,kiwoom orderbooks list,implemented,public,read,POST,/api/dostk/mrkcond,stk_cd,api-id;authorization,--code when a code/symbol/sector/theme is required,Implemented public read command; --code maps to stk_cd.
ka10005,주식일주월시분요청,국내주식,시세,quotes,multi-period,kiwoom quotes multi-period,implemented,public,read,POST,/api/dostk/mrkcond,stk_cd,api-id;authorization,--code when a code/symbol/sector/theme is required,Implemented as an explicit quotes read command; request fields are mapped in arguments.csv.
ka10006,주식시분요청,국내주식,시세,quotes,intraday-minute,kiwoom quotes intraday-minute,implemented,public,read,POST,/api/dostk/mrkcond,stk_cd,api-id;authorization,--code when a code/symbol/sector/theme is required,Implemented as an explicit quotes read command; request fields are mapped in arguments.csv.
ka10007,시세표성정보요청,국내주식,시세,quotes,price,kiwoom quotes price,implemented,public,read,POST,/api/dostk/mrkcond,stk_cd,api-id;authorization,--code when a code/symbol/sector/theme is required,Implemented public read command; --code maps to stk_cd and response includes cur_prc.
ka10008,주식외국인종목별매매동향,국내주식,기관/외국인,investors,by-stock,kiwoom investors by-stock,implemented,public,read,POST,/api/dostk/frgnistt,stk_cd,api-id;authorization,--code when a code/symbol/sector/theme is required,Implemented via explicit arguments.csv mapping.
ka10009,주식기관요청,국내주식,기관/외국인,investors,lookup,kiwoom investors lookup,implemented,public,read,POST,/api/dostk/frgnistt,stk_cd,api-id;authorization,--code when a code/symbol/sector/theme is required,Implemented via explicit arguments.csv mapping.
ka10010,업종프로그램요청,국내주식,업종,sectors,program,kiwoom sectors program,implemented,public,read,POST,/api/dostk/sect,stk_cd,api-id;authorization,--code when a code/symbol/sector/theme is required,Implemented via explicit arguments.csv mapping.
ka10011,신주인수권전체시세요청,국내주식,시세,quotes,list,kiwoom quotes list,implemented,public,read,POST,/api/dostk/mrkcond,newstk_recvrht_tp,api-id;authorization,--code when a code/symbol/sector/theme is required,Implemented via explicit arguments.csv mapping.
ka10013,신용매매동향요청,국내주식,종목정보,stocks,trend,kiwoom stocks trend,implemented,public,read,POST,/api/dostk/stkinfo,stk_cd;dt;qry_tp,api-id;authorization,--code when a code/symbol/sector/theme is required,Implemented via explicit arguments.csv mapping.
ka10014,공매도추이요청,국내주식,공매도,short-selling,trend,kiwoom short-selling trend,implemented,public,read,POST,/api/dostk/shsa,stk_cd;strt_dt;end_dt,api-id;authorization,--code when a code/symbol/sector/theme is required,Implemented via explicit arguments.csv mapping.
ka10015,일별거래상세요청,국내주식,종목정보,stocks,daily-trades,kiwoom stocks daily-trades,implemented,public,read,POST,/api/dostk/stkinfo,stk_cd;strt_dt,api-id;authorization,--code when a code/symbol/sector/theme is required,Implemented as an explicit stocks read command; request fields are mapped in arguments.csv.
ka10016,신고저가요청,국내주식,종목정보,stocks,new-high-low,kiwoom stocks new-high-low,implemented,public,read,POST,/api/dostk/stkinfo,mrkt_tp;ntl_tp;high_low_close_tp;stk_cnd;trde_qty_tp;crd_cnd;updown_incls;dt;stex_tp,api-id;authorization,--code when a code/symbol/sector/theme is required,Implemented as an explicit stocks read command; request fields are mapped in arguments.csv.
ka10017,상하한가요청,국내주식,종목정보,stocks,limit-move,kiwoom stocks limit-move,implemented,public,read,POST,/api/dostk/stkinfo,mrkt_tp;updown_tp;sort_tp;stk_cnd;trde_qty_tp;crd_cnd;trde_gold_tp;stex_tp,api-id;authorization,--code when a code/symbol/sector/theme is required,Implemented as an explicit stocks read command; request fields are mapped in arguments.csv.
ka10018,고저가근접요청,국내주식,종목정보,stocks,high-low-near,kiwoom stocks high-low-near,implemented,public,read,POST,/api/dostk/stkinfo,high_low_tp;alacc_rt;mrkt_tp;trde_qty_tp;stk_cnd;crd_cnd;stex_tp,api-id;authorization,--code when a code/symbol/sector/theme is required,Implemented as an explicit stocks read command; request fields are mapped in arguments.csv.
ka10019,가격급등락요청,국내주식,종목정보,stocks,price-spike,kiwoom stocks price-spike,implemented,public,read,POST,/api/dostk/stkinfo,mrkt_tp;flu_tp;tm_tp;tm;trde_qty_tp;stk_cnd;crd_cnd;pric_cnd;updown_incls;stex_tp,api-id;authorization,--code when a code/symbol/sector/theme is required,Implemented as an explicit stocks read command; request fields are mapped in arguments.csv.
ka10020,호가잔량상위요청,국내주식,순위정보,rankings,orderbook-balance,kiwoom rankings orderbook-balance,implemented,public,read,POST,/api/dostk/rkinfo,mrkt_tp;sort_tp;trde_qty_tp;stk_cnd;crd_cnd;stex_tp,api-id;authorization,--code when a code/symbol/sector/theme is required,Implemented via explicit arguments.csv mapping; overseas rankings remain TODO until overseas runtime is verified.
ka10021,호가잔량급증요청,국내주식,순위정보,rankings,orderbook-balance-spike,kiwoom rankings orderbook-balance-spike,implemented,public,read,POST,/api/dostk/rkinfo,mrkt_tp;trde_tp;sort_tp;tm_tp;trde_qty_tp;stk_cnd;stex_tp,api-id;authorization,--code when a code/symbol/sector/theme is required,Implemented via explicit arguments.csv mapping; overseas rankings remain TODO until overseas runtime is verified.
ka10022,잔량율급증요청,국내주식,순위정보,rankings,balance-rate-spike,kiwoom rankings balance-rate-spike,implemented,public,read,POST,/api/dostk/rkinfo,mrkt_tp;rt_tp;tm_tp;trde_qty_tp;stk_cnd;stex_tp,api-id;authorization,--code when a code/symbol/sector/theme is required,Implemented via explicit arguments.csv mapping; overseas rankings remain TODO until overseas runtime is verified.
ka10023,거래량급증요청,국내주식,순위정보,rankings,volume-spike,kiwoom rankings volume-spike,implemented,public,read,POST,/api/dostk/rkinfo,mrkt_tp;sort_tp;tm_tp;trde_qty_tp;stk_cnd;pric_tp;stex_tp,api-id;authorization,--code when a code/symbol/sector/theme is required,Implemented via explicit arguments.csv mapping; overseas rankings remain TODO until overseas runtime is verified.
ka10024,거래량갱신요청,국내주식,종목정보,stocks,volume-renewal,kiwoom stocks volume-renewal,implemented,public,read,POST,/api/dostk/stkinfo,mrkt_tp;cycle_tp;trde_qty_tp;stex_tp,api-id;authorization,--code when a code/symbol/sector/theme is required,Implemented as an explicit stocks read command; request fields are mapped in arguments.csv.
ka10025,매물대집중요청,국내주식,종목정보,stocks,volume-zone,kiwoom stocks volume-zone,implemented,public,read,POST,/api/dostk/stkinfo,mrkt_tp;prps_cnctr_rt;cur_prc_entry;prpscnt;cycle_tp;stex_tp,api-id;authorization,--code when a code/symbol/sector/theme is required,Implemented as an explicit stocks read command; request fields are mapped in arguments.csv.
ka10026,고저PER요청,국내주식,종목정보,stocks,valuation-rank,kiwoom stocks valuation-rank,implemented,public,read,POST,/api/dostk/stkinfo,pertp;stex_tp,api-id;authorization,--code when a code/symbol/sector/theme is required,Implemented as an explicit stocks read command; request fields are mapped in arguments.csv.
ka10027,전일대비등락률상위요청,국내주식,순위정보,rankings,previous-change-rate,kiwoom rankings previous-change-rate,implemented,public,read,POST,/api/dostk/rkinfo,mrkt_tp;sort_tp;trde_qty_cnd;stk_cnd;crd_cnd;updown_incls;pric_cnd;trde_prica_cnd;stex_tp,api-id;authorization,--code when a code/symbol/sector/theme is required,Implemented via explicit arguments.csv mapping; overseas rankings remain TODO until overseas runtime is verified.
ka10028,시가대비등락률요청,국내주식,종목정보,stocks,open-change,kiwoom stocks open-change,implemented,public,read,POST,/api/dostk/stkinfo,sort_tp;trde_qty_cnd;mrkt_tp;updown_incls;stk_cnd;crd_cnd;trde_prica_cnd;flu_cnd;stex_tp,api-id;authorization,--code when a code/symbol/sector/theme is required,Implemented as an explicit stocks read command; request fields are mapped in arguments.csv.
ka10029,예상체결등락률상위요청,국내주식,순위정보,rankings,list-fills,kiwoom rankings list-fills,implemented,public,read,POST,/api/dostk/rkinfo,mrkt_tp;sort_tp;trde_qty_cnd;stk_cnd;crd_cnd;pric_cnd;stex_tp,api-id;authorization,--code when a code/symbol/sector/theme is required,Implemented via explicit arguments.csv mapping.
ka10030,당일거래량상위요청,국내주식,순위정보,rankings,today-volume,kiwoom rankings today-volume,implemented,public,read,POST,/api/dostk/rkinfo,mrkt_tp;sort_tp;mang_stk_incls;crd_tp;trde_qty_tp;pric_tp;trde_prica_tp;mrkt_open_tp;stex_tp,api-id;authorization,--code when a code/symbol/sector/theme is required,Implemented via explicit arguments.csv mapping; overseas rankings remain TODO until overseas runtime is verified.
ka10031,전일거래량상위요청,국내주식,순위정보,rankings,previous-volume,kiwoom rankings previous-volume,implemented,public,read,POST,/api/dostk/rkinfo,mrkt_tp;qry_tp;rank_strt;rank_end;stex_tp,api-id;authorization,--code when a code/symbol/sector/theme is required,Implemented via explicit arguments.csv mapping; overseas rankings remain TODO until overseas runtime is verified.
ka10032,거래대금상위요청,국내주식,순위정보,rankings,amount,kiwoom rankings amount,implemented,public,read,POST,/api/dostk/rkinfo,mrkt_tp;mang_stk_incls;stex_tp,api-id;authorization,--code when a code/symbol/sector/theme is required,Implemented via explicit arguments.csv mapping; overseas rankings remain TODO until overseas runtime is verified.
ka10033,신용비율상위요청,국내주식,순위정보,rankings,credit-ratio,kiwoom rankings credit-ratio,implemented,public,read,POST,/api/dostk/rkinfo,mrkt_tp;trde_qty_tp;stk_cnd;updown_incls;crd_cnd;stex_tp,api-id;authorization,--code when a code/symbol/sector/theme is required,Implemented via explicit arguments.csv mapping; overseas rankings remain TODO until overseas runtime is verified.
ka10034,외인기간별매매상위요청,국내주식,순위정보,rankings,foreign-period-trades,kiwoom rankings foreign-period-trades,implemented,public,read,POST,/api/dostk/rkinfo,mrkt_tp;trde_tp;dt;stex_tp,api-id;authorization,--code when a code/symbol/sector/theme is required,Implemented via explicit arguments.csv mapping; overseas rankings remain TODO until overseas runtime is verified.
ka10035,외인연속순매매상위요청,국내주식,순위정보,rankings,foreign-continuous-net,kiwoom rankings foreign-continuous-net,implemented,public,read,POST,/api/dostk/rkinfo,mrkt_tp;trde_tp;base_dt_tp;stex_tp,api-id;authorization,--code when a code/symbol/sector/theme is required,Implemented via explicit arguments.csv mapping; overseas rankings remain TODO until overseas runtime is verified.
ka10036,외인한도소진율증가상위,국내주식,순위정보,rankings,foreign-limit-usage,kiwoom rankings foreign-limit-usage,implemented,public,read,POST,/api/dostk/rkinfo,mrkt_tp;dt;stex_tp,api-id;authorization,--code when a code/symbol/sector/theme is required,Implemented via explicit arguments.csv mapping; overseas rankings remain TODO until overseas runtime is verified.
ka10037,외국계창구매매상위요청,국내주식,순위정보,rankings,foreign-broker-trades,kiwoom rankings foreign-broker-trades,implemented,public,read,POST,/api/dostk/rkinfo,mrkt_tp;dt;trde_tp;sort_tp;stex_tp,api-id;authorization,--code when a code/symbol/sector/theme is required,Implemented via explicit arguments.csv mapping; overseas rankings remain TODO until overseas runtime is verified.
ka10038,종목별증권사순위요청,국내주식,순위정보,rankings,broker-by-stock,kiwoom rankings broker-by-stock,implemented,public,read,POST,/api/dostk/rkinfo,stk_cd;strt_dt;end_dt;qry_tp,api-id;authorization,--code when a code/symbol/sector/theme is required,Implemented via explicit arguments.csv mapping; overseas rankings remain TODO until overseas runtime is verified.
ka10039,증권사별매매상위요청,국내주식,순위정보,rankings,broker-trades,kiwoom rankings broker-trades,implemented,public,read,POST,/api/dostk/rkinfo,mmcm_cd;trde_qty_tp;trde_tp;dt;stex_tp,api-id;authorization,--code when a code/symbol/sector/theme is required,Implemented via explicit arguments.csv mapping; overseas rankings remain TODO until overseas runtime is verified.
ka10040,당일주요거래원요청,국내주식,순위정보,rankings,stock-main-brokers,kiwoom rankings stock-main-brokers,implemented,public,read,POST,/api/dostk/rkinfo,stk_cd,api-id;authorization,--code when a code/symbol/sector/theme is required,Implemented via explicit arguments.csv mapping; overseas rankings remain TODO until overseas runtime is verified.
ka10042,순매수거래원순위요청,국내주식,순위정보,rankings,net-buy-brokers,kiwoom rankings net-buy-brokers,implemented,public,read,POST,/api/dostk/rkinfo,stk_cd;qry_dt_tp;pot_tp;sort_base,api-id;authorization,--code when a code/symbol/sector/theme is required,Implemented via explicit arguments.csv mapping; overseas rankings remain TODO until overseas runtime is verified.
ka10043,거래원매물대분석요청,국내주식,종목정보,stocks,broker-volume-zone,kiwoom stocks broker-volume-zone,implemented,public,read,POST,/api/dostk/stkinfo,stk_cd;strt_dt;end_dt;qry_dt_tp;pot_tp;dt;sort_base;mmcm_cd;stex_tp,api-id;authorization,--code when a code/symbol/sector/theme is required,Implemented as an explicit stocks read command; request fields are mapped in arguments.csv.
ka10044,일별기관매매종목요청,국내주식,시세,quotes,institution-daily,kiwoom quotes institution-daily,implemented,public,read,POST,/api/dostk/mrkcond,strt_dt;end_dt;trde_tp;mrkt_tp;stex_tp,api-id;authorization,--code when a code/symbol/sector/theme is required,Implemented as an explicit quotes read command; request fields are mapped in arguments.csv.
ka10045,종목별기관매매추이요청,국내주식,시세,quotes,by-stock,kiwoom quotes by-stock,implemented,public,read,POST,/api/dostk/mrkcond,stk_cd;strt_dt;end_dt;orgn_prsm_unp_tp;for_prsm_unp_tp,api-id;authorization,--code when a code/symbol/sector/theme is required,Implemented via explicit arguments.csv mapping.
ka10046,체결강도추이시간별요청,국내주식,시세,quotes,strength-time,kiwoom quotes strength-time,implemented,public,read,POST,/api/dostk/mrkcond,stk_cd,api-id;authorization,--code when a code/symbol/sector/theme is required,Implemented as an explicit quotes read command; request fields are mapped in arguments.csv.
ka10047,체결강도추이일별요청,국내주식,시세,quotes,strength-daily,kiwoom quotes strength-daily,implemented,public,read,POST,/api/dostk/mrkcond,stk_cd,api-id;authorization,--code when a code/symbol/sector/theme is required,Implemented as an explicit quotes read command; request fields are mapped in arguments.csv.
ka10048,ELW일별민감도지표요청,국내주식,ELW,elws,daily,kiwoom elws daily,implemented,public,read,POST,/api/dostk/elw,stk_cd,api-id;authorization,--code when a code/symbol/sector/theme is required,Implemented via explicit arguments.csv mapping.
ka10050,ELW민감도지표요청,국내주식,ELW,elws,sensitivity,kiwoom elws sensitivity,implemented,public,read,POST,/api/dostk/elw,stk_cd,api-id;authorization,--code when a code/symbol/sector/theme is required,Implemented public ELW command via explicit arguments.csv mapping.
ka10051,업종별투자자순매수요청,국내주식,업종,sectors,investor-flows,kiwoom sectors investor-flows,implemented,public,read,POST,/api/dostk/sect,mrkt_tp;amt_qty_tp;stex_tp,api-id;authorization,--code when a code/symbol/sector/theme is required,Implemented via explicit arguments.csv mapping.
ka10052,거래원순간거래량요청,국내주식,종목정보,stocks,broker-instant-volume,kiwoom stocks broker-instant-volume,implemented,public,read,POST,/api/dostk/stkinfo,mmcm_cd;mrkt_tp;qty_tp;pric_tp;stex_tp,api-id;authorization,--code when a code/symbol/sector/theme is required,Implemented as an explicit stocks read command; request fields are mapped in arguments.csv.
ka10053,당일상위이탈원요청,국내주식,순위정보,rankings,top-exit-brokers,kiwoom rankings top-exit-brokers,implemented,public,read,POST,/api/dostk/rkinfo,stk_cd,api-id;authorization,--code when a code/symbol/sector/theme is required,Implemented via explicit arguments.csv mapping; overseas rankings remain TODO until overseas runtime is verified.
ka10054,변동성완화장치발동종목요청,국내주식,종목정보,stocks,vi-triggered,kiwoom stocks vi-triggered,implemented,public,read,POST,/api/dostk/stkinfo,mrkt_tp;bf_mkrt_tp;motn_tp;skip_stk;trde_qty_tp;min_trde_qty;max_trde_qty;trde_prica_tp;min_trde_prica;max_trde_prica;motn_drc;stex_tp,api-id;authorization,--code when a code/symbol/sector/theme is required,Implemented as an explicit stocks read command; request fields are mapped in arguments.csv.
ka10055,당일전일체결량요청,국내주식,종목정보,stocks,today-previous-fills,kiwoom stocks today-previous-fills,implemented,public,read,POST,/api/dostk/stkinfo,stk_cd;tdy_pred,api-id;authorization,--code when a code/symbol/sector/theme is required,Implemented as an explicit stocks read command; request fields are mapped in arguments.csv.
ka10058,투자자별일별매매종목요청,국내주식,종목정보,stocks,investor-daily,kiwoom stocks investor-daily,implemented,public,read,POST,/api/dostk/stkinfo,strt_dt;end_dt;trde_tp;mrkt_tp;invsr_tp;stex_tp,api-id;authorization,--code when a code/symbol/sector/theme is required,Implemented as an explicit stocks read command; request fields are mapped in arguments.csv.
ka10059,종목별투자자기관별요청,국내주식,종목정보,stocks,investor-by-stock,kiwoom stocks investor-by-stock,implemented,public,read,POST,/api/dostk/stkinfo,dt;stk_cd;amt_qty_tp;trde_tp;unit_tp,api-id;authorization,--code when a code/symbol/sector/theme is required,Implemented as an explicit stocks read command; request fields are mapped in arguments.csv.
ka10060,종목별투자자기관별차트요청,국내주식,차트,candles,by-stock,kiwoom candles by-stock,implemented,public,read,POST,/api/dostk/chart,dt;stk_cd;amt_qty_tp;trde_tp;unit_tp,api-id;authorization,--code when a code/symbol/sector/theme is required,Implemented via explicit arguments.csv mapping.
ka10061,종목별투자자기관별합계요청,국내주식,종목정보,stocks,investor-by-stock-total,kiwoom stocks investor-by-stock-total,implemented,public,read,POST,/api/dostk/stkinfo,stk_cd;strt_dt;end_dt;amt_qty_tp;trde_tp;unit_tp,api-id;authorization,--code when a code/symbol/sector/theme is required,Implemented as an explicit stocks read command; request fields are mapped in arguments.csv.
ka10062,동일순매매순위요청,국내주식,순위정보,rankings,same-net-trades,kiwoom rankings same-net-trades,implemented,public,read,POST,/api/dostk/rkinfo,strt_dt;mrkt_tp;trde_tp;sort_cnd;unit_tp;stex_tp,api-id;authorization,--code when a code/symbol/sector/theme is required,Implemented via explicit arguments.csv mapping; overseas rankings remain TODO until overseas runtime is verified.
ka10063,장중투자자별매매요청,국내주식,시세,quotes,investor-intraday,kiwoom quotes investor-intraday,implemented,public,read,POST,/api/dostk/mrkcond,mrkt_tp;amt_qty_tp;invsr;frgn_all;smtm_netprps_tp;stex_tp,api-id;authorization,--code when a code/symbol/sector/theme is required,Implemented as an explicit quotes read command; request fields are mapped in arguments.csv.
ka10064,장중투자자별매매차트요청,국내주식,차트,candles,lookup,kiwoom candles lookup,implemented,public,read,POST,/api/dostk/chart,mrkt_tp;amt_qty_tp;trde_tp;stk_cd,api-id;authorization,--code when a code/symbol/sector/theme is required,Implemented via explicit arguments.csv mapping.
ka10065,장중투자자별매매상위요청,국내주식,순위정보,rankings,investor-intraday,kiwoom rankings investor-intraday,implemented,public,read,POST,/api/dostk/rkinfo,trde_tp;mrkt_tp;orgn_tp,api-id;authorization,--code when a code/symbol/sector/theme is required,Implemented via explicit arguments.csv mapping; overseas rankings remain TODO until overseas runtime is verified.
ka10066,장마감후투자자별매매요청,국내주식,시세,quotes,investor-after-close,kiwoom quotes investor-after-close,implemented,public,read,POST,/api/dostk/mrkcond,mrkt_tp;amt_qty_tp;trde_tp;stex_tp,api-id;authorization,--code when a code/symbol/sector/theme is required,Implemented as an explicit quotes read command; request fields are mapped in arguments.csv.
ka10068,대차거래추이요청,국내주식,대차거래,securities-lending,trend,kiwoom securities-lending trend,implemented,public,read,POST,/api/dostk/slb,all_tp,api-id;authorization,--code when a code/symbol/sector/theme is required,Implemented via explicit arguments.csv mapping.
ka10069,대차거래상위10종목요청,국내주식,대차거래,securities-lending,list,kiwoom securities-lending list,implemented,public,read,POST,/api/dostk/slb,strt_dt;mrkt_tp,api-id;authorization,--code when a code/symbol/sector/theme is required,Implemented via explicit arguments.csv mapping.
ka10072,일자별종목별실현손익요청_일자,국내주식,계좌,accounts,realized-profit-stock-daily,kiwoom accounts realized-profit-stock-daily,implemented,guarded,account_read,POST,/api/dostk/acnt,strt_dt,api-id;authorization,--code when a code/symbol/sector/theme is required,Implemented via explicit arguments.csv mapping with account_read redaction; overseas accounts remain TODO until overseas runtime is verified.
ka10073,일자별종목별실현손익요청_기간,국내주식,계좌,accounts,realized-profit-period-stock,kiwoom accounts realized-profit-period-stock,implemented,guarded,account_read,POST,/api/dostk/acnt,strt_dt;end_dt,api-id;authorization,--code when a code/symbol/sector/theme is required,Implemented via explicit arguments.csv mapping with account_read redaction; overseas accounts remain TODO until overseas runtime is verified.
ka10074,일자별실현손익요청,국내주식,계좌,accounts,realized-profit-daily,kiwoom accounts realized-profit-daily,implemented,guarded,account_read,POST,/api/dostk/acnt,strt_dt;end_dt,api-id;authorization,--code when a code/symbol/sector/theme is required,Implemented via explicit arguments.csv mapping with account_read redaction; overseas accounts remain TODO until overseas runtime is verified.
ka10075,미체결요청,국내주식,계좌,orders,list-open,kiwoom orders list-open,implemented,guarded,account_read,POST,/api/dostk/acnt,all_stk_tp;trde_tp;stex_tp,api-id;authorization,--account when account scoped; --code when instrument scoped,Implemented guarded order inquiry command via explicit arguments.csv mapping.
ka10076,체결요청,국내주식,계좌,orders,list-fills,kiwoom orders list-fills,implemented,guarded,account_read,POST,/api/dostk/acnt,qry_tp;sell_tp;stex_tp,api-id;authorization,--account when account scoped; --code when instrument scoped,Implemented guarded order inquiry command via explicit arguments.csv mapping.
ka10077,당일실현손익상세요청,국내주식,계좌,accounts,realized-profit-today-detail,kiwoom accounts realized-profit-today-detail,implemented,guarded,account_read,POST,/api/dostk/acnt,stk_cd,api-id;authorization,--code when a code/symbol/sector/theme is required,Implemented via explicit arguments.csv mapping with account_read redaction; overseas accounts remain TODO until overseas runtime is verified.
ka10078,증권사별종목매매동향요청,국내주식,시세,quotes,broker-trend,kiwoom quotes broker-trend,implemented,public,read,POST,/api/dostk/mrkcond,mmcm_cd;stk_cd;strt_dt;end_dt,api-id;authorization,--code when a code/symbol/sector/theme is required,Implemented as an explicit quotes read command; request fields are mapped in arguments.csv.
ka10079,주식틱차트조회요청,국내주식,차트,candles,stock-tick,kiwoom candles stock-tick,implemented,public,read,POST,/api/dostk/chart,stk_cd;tic_scope;upd_stkpc_tp,api-id;authorization,--code when a code/symbol/sector/theme is required,Implemented public candle command via explicit arguments.csv mapping.
ka10080,주식분봉차트조회요청,국내주식,차트,candles,stock-minute,kiwoom candles stock-minute,implemented,public,read,POST,/api/dostk/chart,stk_cd;tic_scope;upd_stkpc_tp,api-id;authorization,--code when a code/symbol/sector/theme is required,Implemented public candle command via explicit arguments.csv mapping.
ka10081,주식일봉차트조회요청,국내주식,차트,candles,daily,kiwoom candles daily,implemented,public,read,POST,/api/dostk/chart,stk_cd;base_dt;upd_stkpc_tp,api-id;authorization,--code when a code/symbol/sector/theme is required,Implemented public read command; --code maps to stk_cd
ka10082,주식주봉차트조회요청,국내주식,차트,candles,stock-weekly,kiwoom candles stock-weekly,implemented,public,read,POST,/api/dostk/chart,stk_cd;base_dt;upd_stkpc_tp,api-id;authorization,--code when a code/symbol/sector/theme is required,Implemented public candle command via explicit arguments.csv mapping.
ka10083,주식월봉차트조회요청,국내주식,차트,candles,stock-monthly,kiwoom candles stock-monthly,implemented,public,read,POST,/api/dostk/chart,stk_cd;base_dt;upd_stkpc_tp,api-id;authorization,--code when a code/symbol/sector/theme is required,Implemented public candle command via explicit arguments.csv mapping.
ka10084,당일전일체결요청,국내주식,종목정보,stocks,today-previous-trades,kiwoom stocks today-previous-trades,implemented,public,read,POST,/api/dostk/stkinfo,stk_cd;tdy_pred;tic_min,api-id;authorization,--code when a code/symbol/sector/theme is required,Implemented as an explicit stocks read command; request fields are mapped in arguments.csv.
ka10085,계좌수익률요청,국내주식,계좌,accounts,return-rate,kiwoom accounts return-rate,implemented,guarded,account_read,POST,/api/dostk/acnt,stex_tp,api-id;authorization,--code when a code/symbol/sector/theme is required,Implemented via explicit arguments.csv mapping with account_read redaction; overseas accounts remain TODO until overseas runtime is verified.
ka10086,일별주가요청,국내주식,시세,quotes,daily-price,kiwoom quotes daily-price,implemented,public,read,POST,/api/dostk/mrkcond,stk_cd;qry_dt;indc_tp,api-id;authorization,--code when a code/symbol/sector/theme is required,Implemented as an explicit quotes read command; request fields are mapped in arguments.csv.
ka10087,시간외단일가요청,국내주식,시세,quotes,after-hours,kiwoom quotes after-hours,implemented,public,read,POST,/api/dostk/mrkcond,stk_cd,api-id;authorization,--code when a code/symbol/sector/theme is required,Implemented as an explicit quotes read command; request fields are mapped in arguments.csv.
ka10088,미체결 분할주문 상세,국내주식,계좌,orders,open-detail,kiwoom orders open-detail,implemented,guarded,account_read,POST,/api/dostk/acnt,ord_no,api-id;authorization,--account when account scoped; --code when instrument scoped,Implemented guarded order inquiry command via explicit arguments.csv mapping.
ka10094,주식년봉차트조회요청,국내주식,차트,candles,stock-yearly,kiwoom candles stock-yearly,implemented,public,read,POST,/api/dostk/chart,stk_cd;base_dt;upd_stkpc_tp,api-id;authorization,--code when a code/symbol/sector/theme is required,Implemented public candle command via explicit arguments.csv mapping.
ka10095,관심종목정보요청,국내주식,종목정보,stocks,watchlist-info,kiwoom stocks watchlist-info,implemented,public,read,POST,/api/dostk/stkinfo,stk_cd,api-id;authorization,--code when a code/symbol/sector/theme is required,Implemented as an explicit stocks read command; request fields are mapped in arguments.csv.
ka10098,시간외단일가등락율순위요청,국내주식,순위정보,rankings,after-hours-change-rate,kiwoom rankings after-hours-change-rate,implemented,public,read,POST,/api/dostk/rkinfo,mrkt_tp;sort_base;stk_cnd;trde_qty_cnd;crd_cnd;trde_prica,api-id;authorization,--code when a code/symbol/sector/theme is required,Implemented via explicit arguments.csv mapping; overseas rankings remain TODO until overseas runtime is verified.
ka10099,종목정보 리스트,국내주식,종목정보,stocks,info-list,kiwoom stocks info-list,implemented,public,read,POST,/api/dostk/stkinfo,mrkt_tp,api-id;authorization,--code when a code/symbol/sector/theme is required,Implemented as an explicit stocks read command; request fields are mapped in arguments.csv.
ka10100,종목정보 조회,국내주식,종목정보,stocks,info-detail,kiwoom stocks info-detail,implemented,public,read,POST,/api/dostk/stkinfo,stk_cd,api-id;authorization,--code when a code/symbol/sector/theme is required,Implemented as an explicit stocks read command; request fields are mapped in arguments.csv.
ka10101,업종코드 리스트,국내주식,종목정보,stocks,sector-codes,kiwoom stocks sector-codes,implemented,public,read,POST,/api/dostk/stkinfo,mrkt_tp,api-id;authorization,--code when a code/symbol/sector/theme is required,Implemented as an explicit stocks read command; request fields are mapped in arguments.csv.
ka10102,회원사 리스트,국내주식,종목정보,stocks,member-firms,kiwoom stocks member-firms,implemented,public,read,POST,/api/dostk/stkinfo,,api-id;authorization,--code when a code/symbol/sector/theme is required,Implemented as an explicit stocks read command; request fields are mapped in arguments.csv.
ka10131,기관외국인연속매매현황요청,국내주식,기관/외국인,investors,trend,kiwoom investors trend,implemented,public,read,POST,/api/dostk/frgnistt,dt;mrkt_tp;netslmt_tp;stk_inds_tp;amt_qty_tp;stex_tp,api-id;authorization,--code when a code/symbol/sector/theme is required,Implemented public investor trend command via explicit arguments.csv mapping.
ka10170,당일매매일지요청,국내주식,계좌,accounts,day-trading-log,kiwoom accounts day-trading-log,implemented,guarded,account_read,POST,/api/dostk/acnt,ottks_tp;ch_crd_tp,api-id;authorization,--code when a code/symbol/sector/theme is required,Implemented via explicit arguments.csv mapping with account_read redaction; overseas accounts remain TODO until overseas runtime is verified.
ka10171,조건검색 목록조회,국내주식,조건검색,streams,conditions-list,kiwoom streams conditions-list,implemented,public,read,POST,/api/dostk/websocket,trnm,api-id;authorization,--code when a code/symbol/sector/theme is required,Implemented via explicit arguments.csv mapping and package WebSocket client.
ka10172,조건검색 요청 일반,국내주식,조건검색,streams,conditions-search,kiwoom streams conditions-search,implemented,public,read,POST,/api/dostk/websocket,trnm;seq;search_type;stex_tp,api-id;authorization,--code when a code/symbol/sector/theme is required,Implemented via explicit arguments.csv mapping and package WebSocket client.
ka10173,조건검색 요청 실시간,국내주식,조건검색,streams,conditions-subscribe,kiwoom streams conditions-subscribe,implemented,public,read,POST,/api/dostk/websocket,trnm;seq;search_type;stex_tp,api-id;authorization,--code when a code/symbol/sector/theme is required,Implemented via explicit arguments.csv mapping and package WebSocket client.
ka10174,조건검색 실시간 해제,국내주식,조건검색,streams,conditions-unsubscribe,kiwoom streams conditions-unsubscribe,implemented,public,read,POST,/api/dostk/websocket,trnm;seq,api-id;authorization,--code when a code/symbol/sector/theme is required,Implemented via explicit arguments.csv mapping and package WebSocket client.
ka20001,업종현재가요청,국내주식,업종,sectors,price,kiwoom sectors price,implemented,public,read,POST,/api/dostk/sect,mrkt_tp;inds_cd,api-id;authorization,--code when a code/symbol/sector/theme is required,Implemented via explicit arguments.csv mapping.
ka20002,업종별주가요청,국내주식,업종,sectors,stocks,kiwoom sectors stocks,implemented,public,read,POST,/api/dostk/sect,mrkt_tp;inds_cd;stex_tp,api-id;authorization,--code when a code/symbol/sector/theme is required,Implemented via explicit arguments.csv mapping.
ka20003,전업종지수요청,국내주식,업종,sectors,indices,kiwoom sectors indices,implemented,public,read,POST,/api/dostk/sect,inds_cd,api-id;authorization,--code when a code/symbol/sector/theme is required,Implemented via explicit arguments.csv mapping.
ka20004,업종틱차트조회요청,국내주식,차트,candles,sector-tick,kiwoom candles sector-tick,implemented,public,read,POST,/api/dostk/chart,inds_cd;tic_scope,api-id;authorization,--code when a code/symbol/sector/theme is required,Implemented public sector candle command via explicit arguments.csv mapping.
ka20005,업종분봉조회요청,국내주식,차트,candles,sector-minute,kiwoom candles sector-minute,implemented,public,read,POST,/api/dostk/chart,inds_cd;tic_scope,api-id;authorization,--code when a code/symbol/sector/theme is required,Implemented public sector candle command via explicit arguments.csv mapping.
ka20006,업종일봉조회요청,국내주식,차트,candles,sector-daily,kiwoom candles sector-daily,implemented,public,read,POST,/api/dostk/chart,inds_cd;base_dt,api-id;authorization,--code when a code/symbol/sector/theme is required,Implemented public sector candle command via explicit arguments.csv mapping.
ka20007,업종주봉조회요청,국내주식,차트,candles,sector-weekly,kiwoom candles sector-weekly,implemented,public,read,POST,/api/dostk/chart,inds_cd;base_dt,api-id;authorization,--code when a code/symbol/sector/theme is required,Implemented public sector candle command via explicit arguments.csv mapping.
ka20008,업종월봉조회요청,국내주식,차트,candles,sector-monthly,kiwoom candles sector-monthly,implemented,public,read,POST,/api/dostk/chart,inds_cd;base_dt,api-id;authorization,--code when a code/symbol/sector/theme is required,Implemented public sector candle command via explicit arguments.csv mapping.
ka20009,업종현재가일별요청,국내주식,업종,sectors,daily,kiwoom sectors daily,implemented,public,read,POST,/api/dostk/sect,mrkt_tp;inds_cd,api-id;authorization,--code when a code/symbol/sector/theme is required,Implemented via explicit arguments.csv mapping.
ka20019,업종년봉조회요청,국내주식,차트,candles,sector-yearly,kiwoom candles sector-yearly,implemented,public,read,POST,/api/dostk/chart,inds_cd;base_dt,api-id;authorization,--code when a code/symbol/sector/theme is required,Implemented public sector candle command via explicit arguments.csv mapping.
ka20068,대차거래추이요청(종목별),국내주식,대차거래,securities-lending,by-stock,kiwoom securities-lending by-stock,implemented,public,read,POST,/api/dostk/slb,stk_cd,api-id;authorization,--code when a code/symbol/sector/theme is required,Implemented via explicit arguments.csv mapping.
ka30001,ELW가격급등락요청,국내주식,ELW,elws,price-move,kiwoom elws price-move,implemented,public,read,POST,/api/dostk/elw,flu_tp;tm_tp;tm;trde_qty_tp;isscomp_cd;bsis_aset_cd;rght_tp;lpcd;trde_end_elwskip,api-id;authorization,--code when a code/symbol/sector/theme is required,Implemented public ELW command via explicit arguments.csv mapping.
ka30002,거래원별ELW순매매상위요청,국내주식,ELW,elws,broker-net,kiwoom elws broker-net,implemented,public,read,POST,/api/dostk/elw,isscomp_cd;trde_qty_tp;trde_tp;dt;trde_end_elwskip,api-id;authorization,--code when a code/symbol/sector/theme is required,Implemented public ELW command via explicit arguments.csv mapping.
ka30003,ELWLP보유일별추이요청,국내주식,ELW,elws,balance,kiwoom elws balance,implemented,public,read,POST,/api/dostk/elw,bsis_aset_cd;base_dt,api-id;authorization,--code when a code/symbol/sector/theme is required,Implemented via explicit arguments.csv mapping.
ka30004,ELW괴리율요청,국내주식,ELW,elws,divergence,kiwoom elws divergence,implemented,public,read,POST,/api/dostk/elw,isscomp_cd;bsis_aset_cd;rght_tp;lpcd;trde_end_elwskip,api-id;authorization,--code when a code/symbol/sector/theme is required,Implemented public ELW command via explicit arguments.csv mapping.
ka30005,ELW조건검색요청,국내주식,ELW,elws,conditions,kiwoom elws conditions,implemented,public,read,POST,/api/dostk/elw,isscomp_cd;bsis_aset_cd;rght_tp;lpcd;sort_tp,api-id;authorization,--code when a code/symbol/sector/theme is required,Implemented via explicit arguments.csv mapping.
ka30009,ELW등락율순위요청,국내주식,ELW,elws,change-rank,kiwoom elws change-rank,implemented,public,read,POST,/api/dostk/elw,sort_tp;rght_tp;trde_end_skip,api-id;authorization,--code when a code/symbol/sector/theme is required,Implemented public ELW command via explicit arguments.csv mapping.
ka30010,ELW잔량순위요청,국내주식,ELW,elws,balance-rank,kiwoom elws balance-rank,implemented,public,read,POST,/api/dostk/elw,sort_tp;rght_tp;trde_end_skip,api-id;authorization,--code when a code/symbol/sector/theme is required,Implemented public ELW command via explicit arguments.csv mapping.
ka30011,ELW근접율요청,국내주식,ELW,elws,proximity,kiwoom elws proximity,implemented,public,read,POST,/api/dostk/elw,stk_cd,api-id;authorization,--code when a code/symbol/sector/theme is required,Implemented public ELW command via explicit arguments.csv mapping.
ka30012,ELW종목상세정보요청,국내주식,ELW,elws,details,kiwoom elws details,implemented,public,read,POST,/api/dostk/elw,stk_cd,api-id;authorization,--code when a code/symbol/sector/theme is required,Implemented public ELW command via explicit arguments.csv mapping.
ka40001,ETF수익율요청,국내주식,ETF,etfs,profit,kiwoom etfs profit,implemented,public,read,POST,/api/dostk/etf,stk_cd;etfobjt_idex_cd;dt,api-id;authorization,--code when a code/symbol/sector/theme is required,Implemented via explicit arguments.csv mapping.
ka40002,ETF종목정보요청,국내주식,ETF,etfs,info,kiwoom etfs info,implemented,public,read,POST,/api/dostk/etf,stk_cd,api-id;authorization,--code when a code/symbol/sector/theme is required,Implemented via explicit arguments.csv mapping.
ka40003,ETF일별추이요청,국내주식,ETF,etfs,daily,kiwoom etfs daily,implemented,public,read,POST,/api/dostk/etf,stk_cd,api-id;authorization,--code when a code/symbol/sector/theme is required,Implemented via explicit arguments.csv mapping.
ka40004,ETF전체시세요청,국내주식,ETF,etfs,list,kiwoom etfs list,implemented,public,read,POST,/api/dostk/etf,txon_type;navpre;mngmcomp;txon_yn;trace_idex;stex_tp,api-id;authorization,--code when a code/symbol/sector/theme is required,Implemented via explicit arguments.csv mapping.
ka40006,ETF시간대별추이요청,국내주식,ETF,etfs,intraday-trend,kiwoom etfs intraday-trend,implemented,public,read,POST,/api/dostk/etf,stk_cd,api-id;authorization,--code when a code/symbol/sector/theme is required,Implemented public ETF command via explicit arguments.csv mapping.
ka40007,ETF시간대별체결요청,국내주식,ETF,etfs,intraday-fills,kiwoom etfs intraday-fills,implemented,public,read,POST,/api/dostk/etf,stk_cd,api-id;authorization,--code when a code/symbol/sector/theme is required,Implemented public ETF command via explicit arguments.csv mapping.
ka40008,ETF일자별체결요청,국내주식,ETF,etfs,daily-fills,kiwoom etfs daily-fills,implemented,public,read,POST,/api/dostk/etf,stk_cd,api-id;authorization,--code when a code/symbol/sector/theme is required,Implemented public ETF command via explicit arguments.csv mapping.
ka40009,ETF시간대별체결요청,국내주식,ETF,etfs,nav,kiwoom etfs nav,implemented,public,read,POST,/api/dostk/etf,stk_cd,api-id;authorization,--code when a code/symbol/sector/theme is required,Implemented public ETF NAV command via explicit arguments.csv mapping.
ka40010,ETF시간대별추이요청,국내주식,ETF,etfs,foreign-trend,kiwoom etfs foreign-trend,implemented,public,read,POST,/api/dostk/etf,stk_cd,api-id;authorization,--code when a code/symbol/sector/theme is required,Implemented public ETF foreign trend command via explicit arguments.csv mapping.
ka50010,금현물체결추이,국내주식,시세,quotes,gold-fills,kiwoom quotes gold-fills,implemented,public,read,POST,/api/dostk/mrkcond,stk_cd,api-id;authorization,--code when a code/symbol/sector/theme is required,Implemented public gold spot quote command via explicit arguments.csv mapping.
ka50012,금현물일별추이,국내주식,시세,quotes,gold-daily,kiwoom quotes gold-daily,implemented,public,read,POST,/api/dostk/mrkcond,stk_cd;base_dt,api-id;authorization,--code when a code/symbol/sector/theme is required,Implemented public gold spot quote command via explicit arguments.csv mapping.
ka50079,금현물틱차트조회요청,국내주식,차트,candles,gold-tick,kiwoom candles gold-tick,implemented,public,read,POST,/api/dostk/chart,stk_cd;tic_scope;upd_stkpc_tp,api-id;authorization,--code when a code/symbol/sector/theme is required,Implemented public gold candle command via explicit arguments.csv mapping.
ka50080,금현물분봉차트조회요청,국내주식,차트,candles,gold-minute,kiwoom candles gold-minute,implemented,public,read,POST,/api/dostk/chart,stk_cd;tic_scope,api-id;authorization,--code when a code/symbol/sector/theme is required,Implemented public gold candle command via explicit arguments.csv mapping.
ka50081,금현물일봉차트조회요청,국내주식,차트,candles,gold-daily,kiwoom candles gold-daily,implemented,public,read,POST,/api/dostk/chart,stk_cd;base_dt;upd_stkpc_tp,api-id;authorization,--code when a code/symbol/sector/theme is required,Implemented public gold candle command via explicit arguments.csv mapping.
ka50082,금현물주봉차트조회요청,국내주식,차트,candles,gold-weekly,kiwoom candles gold-weekly,implemented,public,read,POST,/api/dostk/chart,stk_cd;base_dt;upd_stkpc_tp,api-id;authorization,--code when a code/symbol/sector/theme is required,Implemented public gold candle command via explicit arguments.csv mapping.
ka50083,금현물월봉차트조회요청,국내주식,차트,candles,gold-monthly,kiwoom candles gold-monthly,implemented,public,read,POST,/api/dostk/chart,stk_cd;base_dt;upd_stkpc_tp,api-id;authorization,--code when a code/symbol/sector/theme is required,Implemented public gold candle command via explicit arguments.csv mapping.
ka50087,금현물예상체결,국내주식,시세,quotes,gold-expected,kiwoom quotes gold-expected,implemented,public,read,POST,/api/dostk/mrkcond,stk_cd,api-id;authorization,--code when a code/symbol/sector/theme is required,Implemented public gold spot quote command via explicit arguments.csv mapping.
ka50091,금현물당일틱차트조회요청,국내주식,차트,candles,gold-today-tick,kiwoom candles gold-today-tick,implemented,public,read,POST,/api/dostk/chart,stk_cd;tic_scope,api-id;authorization,--code when a code/symbol/sector/theme is required,Implemented public gold candle command via explicit arguments.csv mapping.
ka50092,금현물당일분봉차트조회요청,국내주식,차트,candles,gold-today-minute,kiwoom candles gold-today-minute,implemented,public,read,POST,/api/dostk/chart,stk_cd;tic_scope,api-id;authorization,--code when a code/symbol/sector/theme is required,Implemented public gold candle command via explicit arguments.csv mapping.
ka50100,금현물 시세정보,국내주식,시세,quotes,gold-price,kiwoom quotes gold-price,implemented,public,read,POST,/api/dostk/mrkcond,stk_cd,api-id;authorization,--code when a code/symbol/sector/theme is required,Implemented public gold spot quote command via explicit arguments.csv mapping.
ka50101,금현물 호가,국내주식,시세,orderbooks,gold,kiwoom orderbooks gold,implemented,public,read,POST,/api/dostk/mrkcond,stk_cd;tic_scope,api-id;authorization,--code when a code/symbol/sector/theme is required,Implemented public gold spot orderbook command via explicit arguments.csv mapping.
ka52301,금현물투자자현황,국내주식,기관/외국인,investors,gold-status,kiwoom investors gold-status,implemented,public,read,POST,/api/dostk/frgnistt,,api-id;authorization,--code when a code/symbol/sector/theme is required,Implemented public gold spot investor status command.
ka90001,테마그룹별요청,국내주식,테마,themes,lookup,kiwoom themes lookup,implemented,public,read,POST,/api/dostk/thme,qry_tp;date_tp;flu_pl_amt_tp;stex_tp,api-id;authorization,--code when a code/symbol/sector/theme is required,Implemented via explicit arguments.csv mapping.
ka90002,테마구성종목요청,국내주식,테마,themes,by-stock,kiwoom themes by-stock,implemented,public,read,POST,/api/dostk/thme,thema_grp_cd;stex_tp,api-id;authorization,--code when a code/symbol/sector/theme is required,Implemented via explicit arguments.csv mapping.
ka90003,프로그램순매수상위50요청,국내주식,종목정보,stocks,program-net-top,kiwoom stocks program-net-top,implemented,public,read,POST,/api/dostk/stkinfo,trde_upper_tp;amt_qty_tp;mrkt_tp;stex_tp,api-id;authorization,--code when a code/symbol/sector/theme is required,Implemented as an explicit stocks read command; request fields are mapped in arguments.csv.
ka90004,종목별프로그램매매현황요청,국내주식,종목정보,stocks,program-by-stock,kiwoom stocks program-by-stock,implemented,public,read,POST,/api/dostk/stkinfo,dt;mrkt_tp;stex_tp,api-id;authorization,--code when a code/symbol/sector/theme is required,Implemented as an explicit stocks read command; request fields are mapped in arguments.csv.
ka90005,프로그램매매추이요청 시간대별,국내주식,시세,quotes,program-time,kiwoom quotes program-time,implemented,public,read,POST,/api/dostk/mrkcond,date;amt_qty_tp;mrkt_tp;min_tic_tp;stex_tp,api-id;authorization,--code when a code/symbol/sector/theme is required,Implemented as an explicit quotes read command; request fields are mapped in arguments.csv.
ka90006,프로그램매매차익잔고추이요청,국내주식,시세,quotes,balance,kiwoom quotes balance,implemented,public,read,POST,/api/dostk/mrkcond,date;stex_tp,api-id;authorization,--code when a code/symbol/sector/theme is required,Implemented via explicit arguments.csv mapping.
ka90007,프로그램매매누적추이요청,국내주식,시세,quotes,program-cumulative,kiwoom quotes program-cumulative,implemented,public,read,POST,/api/dostk/mrkcond,date;amt_qty_tp;mrkt_tp;stex_tp,api-id;authorization,--code when a code/symbol/sector/theme is required,Implemented as an explicit quotes read command; request fields are mapped in arguments.csv.
ka90008,종목시간별프로그램매매추이요청,국내주식,시세,quotes,program-by-stock,kiwoom quotes program-by-stock,implemented,public,read,POST,/api/dostk/mrkcond,amt_qty_tp;stk_cd;date,api-id;authorization,--code when a code/symbol/sector/theme is required,Implemented as an explicit quotes read command; request fields are mapped in arguments.csv.
ka90009,외국인기관매매상위요청,국내주식,순위정보,rankings,foreign-institution-trades,kiwoom rankings foreign-institution-trades,implemented,public,read,POST,/api/dostk/rkinfo,mrkt_tp;amt_qty_tp;qry_dt_tp;stex_tp,api-id;authorization,--code when a code/symbol/sector/theme is required,Implemented via explicit arguments.csv mapping; overseas rankings remain TODO until overseas runtime is verified.
ka90010,프로그램매매추이요청 일자별,국내주식,시세,quotes,program-daily,kiwoom quotes program-daily,implemented,public,read,POST,/api/dostk/mrkcond,date;amt_qty_tp;mrkt_tp;min_tic_tp;stex_tp,api-id;authorization,--code when a code/symbol/sector/theme is required,Implemented as an explicit quotes read command; request fields are mapped in arguments.csv.
ka90012,대차거래내역요청,국내주식,대차거래,securities-lending,lookup,kiwoom securities-lending lookup,implemented,public,read,POST,/api/dostk/slb,dt;mrkt_tp,api-id;authorization,--code when a code/symbol/sector/theme is required,Implemented via explicit arguments.csv mapping.
ka90013,종목일별프로그램매매추이요청,국내주식,시세,quotes,stock-program-daily,kiwoom quotes stock-program-daily,implemented,public,read,POST,/api/dostk/mrkcond,stk_cd,api-id;authorization,--code when a code/symbol/sector/theme is required,Implemented as an explicit quotes read command; request fields are mapped in arguments.csv.
kt00001,예수금상세현황요청,국내주식,계좌,accounts,cash,kiwoom accounts cash,implemented,guarded,account_read,POST,/api/dostk/acnt,qry_tp,api-id;authorization,--account when account scoped; --code when instrument scoped,Implemented guarded account read command via explicit arguments.csv mapping.
kt00002,일별추정예탁자산현황요청,국내주식,계좌,accounts,estimated-assets-daily,kiwoom accounts estimated-assets-daily,implemented,guarded,account_read,POST,/api/dostk/acnt,start_dt;end_dt,api-id;authorization,--code when a code/symbol/sector/theme is required,Implemented via explicit arguments.csv mapping with account_read redaction; overseas accounts remain TODO until overseas runtime is verified.
kt00003,추정자산조회요청,국내주식,계좌,accounts,assets,kiwoom accounts assets,implemented,guarded,account_read,POST,/api/dostk/acnt,qry_tp,api-id;authorization,--account when account scoped; --code when instrument scoped,Implemented guarded account read command via explicit arguments.csv mapping.
kt00004,계좌평가현황요청,국내주식,계좌,accounts,valuation,kiwoom accounts valuation,implemented,guarded,account_read,POST,/api/dostk/acnt,qry_tp;dmst_stex_tp,api-id;authorization,--account when account scoped; --code when instrument scoped,Implemented guarded account read command via explicit arguments.csv mapping.
kt00005,체결잔고요청,국내주식,계좌,accounts,fill-balance,kiwoom accounts fill-balance,implemented,guarded,account_read,POST,/api/dostk/acnt,dmst_stex_tp,api-id;authorization,--code when a code/symbol/sector/theme is required,Implemented via explicit arguments.csv mapping with account_read redaction; overseas accounts remain TODO until overseas runtime is verified.
kt00007,계좌별주문체결내역상세요청,국내주식,계좌,accounts,order-fill-detail,kiwoom accounts order-fill-detail,implemented,guarded,account_read,POST,/api/dostk/acnt,qry_tp;stk_bond_tp;sell_tp;dmst_stex_tp,api-id;authorization,--code when a code/symbol/sector/theme is required,Implemented via explicit arguments.csv mapping with account_read redaction; overseas accounts remain TODO until overseas runtime is verified.
kt00008,계좌별익일결제예정내역요청,국내주식,계좌,accounts,next-settlement,kiwoom accounts next-settlement,implemented,guarded,account_read,POST,/api/dostk/acnt,,api-id;authorization,--code when a code/symbol/sector/theme is required,Implemented via explicit arguments.csv mapping with account_read redaction; overseas accounts remain TODO until overseas runtime is verified.
kt00009,계좌별주문체결현황요청,국내주식,계좌,accounts,order-fill-status,kiwoom accounts order-fill-status,implemented,guarded,account_read,POST,/api/dostk/acnt,stk_bond_tp;mrkt_tp;sell_tp;qry_tp;dmst_stex_tp,api-id;authorization,--code when a code/symbol/sector/theme is required,Implemented via explicit arguments.csv mapping with account_read redaction; overseas accounts remain TODO until overseas runtime is verified.
kt00010,주문인출가능금액요청,국내주식,계좌,orders,chance,kiwoom orders chance,implemented,guarded,account_read,POST,/api/dostk/acnt,stk_cd;trde_tp;uv,api-id;authorization,--account when account scoped; --code when instrument scoped,Implemented guarded order precheck command via explicit arguments.csv mapping.
kt00011,증거금율별주문가능수량조회요청,국내주식,계좌,orders,margin,kiwoom orders margin,implemented,guarded,account_read,POST,/api/dostk/acnt,stk_cd,api-id;authorization,--account when account scoped; --code when instrument scoped,Implemented guarded order precheck command via explicit arguments.csv mapping.
kt00012,신용보증금율별주문가능수량조회요청,국내주식,계좌,accounts,credit-margin,kiwoom accounts credit-margin,implemented,guarded,account_read,POST,/api/dostk/acnt,stk_cd,api-id;authorization,--code when a code/symbol/sector/theme is required,Implemented via explicit arguments.csv mapping with account_read redaction; overseas accounts remain TODO until overseas runtime is verified.
kt00013,증거금세부내역조회요청,국내주식,계좌,accounts,margin-details,kiwoom accounts margin-details,implemented,guarded,account_read,POST,/api/dostk/acnt,,api-id;authorization,--code when a code/symbol/sector/theme is required,Implemented via explicit arguments.csv mapping with account_read redaction; overseas accounts remain TODO until overseas runtime is verified.
kt00015,위탁종합거래내역요청,국내주식,계좌,accounts,transaction-history,kiwoom accounts transaction-history,implemented,guarded,account_read,POST,/api/dostk/acnt,strt_dt;end_dt;tp;gds_tp;dmst_stex_tp,api-id;authorization,--code when a code/symbol/sector/theme is required,Implemented via explicit arguments.csv mapping with account_read redaction; overseas accounts remain TODO until overseas runtime is verified.
kt00016,일별계좌수익률상세현황요청,국내주식,계좌,accounts,daily-return-detail,kiwoom accounts daily-return-detail,implemented,guarded,account_read,POST,/api/dostk/acnt,fr_dt;to_dt,api-id;authorization,--code when a code/symbol/sector/theme is required,Implemented via explicit arguments.csv mapping with account_read redaction; overseas accounts remain TODO until overseas runtime is verified.
kt00017,계좌별당일현황요청,국내주식,계좌,accounts,today-status,kiwoom accounts today-status,implemented,guarded,account_read,POST,/api/dostk/acnt,,api-id;authorization,--code when a code/symbol/sector/theme is required,Implemented via explicit arguments.csv mapping with account_read redaction; overseas accounts remain TODO until overseas runtime is verified.
kt00018,계좌평가잔고내역요청,국내주식,계좌,accounts,holdings,kiwoom accounts holdings,implemented,guarded,account_read,POST,/api/dostk/acnt,qry_tp;dmst_stex_tp,api-id;authorization,--account when account scoped; --code when instrument scoped,Implemented guarded account read command via explicit arguments.csv mapping.
kt10000,주식 매수주문,국내주식,주문,orders,buy,kiwoom orders buy,implemented,guarded,order_write,POST,/api/dostk/ordr,dmst_stex_tp;stk_cd;ord_qty;trde_tp,api-id;authorization,--account when account scoped; --code when instrument scoped,Implemented order_write command; submits to the real endpoint only with --confirm, otherwise returns a not-submitted preview.
kt10001,주식 매도주문,국내주식,주문,orders,sell,kiwoom orders sell,implemented,guarded,order_write,POST,/api/dostk/ordr,dmst_stex_tp;stk_cd;ord_qty;trde_tp,api-id;authorization,--account when account scoped; --code when instrument scoped,Implemented order_write command; submits to the real endpoint only with --confirm, otherwise returns a not-submitted preview.
kt10002,주식 정정주문,국내주식,주문,orders,modify,kiwoom orders modify,implemented,guarded,order_write,POST,/api/dostk/ordr,dmst_stex_tp;orig_ord_no;stk_cd;mdfy_qty;mdfy_uv,api-id;authorization,--account when account scoped; --code when instrument scoped,Implemented order_write command; submits to the real endpoint only with --confirm, otherwise returns a not-submitted preview.
kt10003,주식 취소주문,국내주식,주문,orders,cancel,kiwoom orders cancel,implemented,guarded,order_write,POST,/api/dostk/ordr,dmst_stex_tp;orig_ord_no;stk_cd;cncl_qty,api-id;authorization,--account when account scoped; --code when instrument scoped,Implemented order_write command; submits to the real endpoint only with --confirm, otherwise returns a not-submitted preview.
kt10006,신용 매수주문,국내주식,신용주문,orders,credit-buy,kiwoom orders credit-buy,implemented,guarded,order_write,POST,/api/dostk/crdordr,dmst_stex_tp;stk_cd;ord_qty;trde_tp,api-id;authorization,--account when account scoped; --code when instrument scoped,Implemented order_write command via explicit arguments.csv mapping; submits to the real endpoint only with --confirm, otherwise returns a not-submitted preview.
kt10007,신용 매도주문,국내주식,신용주문,orders,credit-sell,kiwoom orders credit-sell,implemented,guarded,order_write,POST,/api/dostk/crdordr,dmst_stex_tp;stk_cd;ord_qty;trde_tp;crd_deal_tp,api-id;authorization,--account when account scoped; --code when instrument scoped,Implemented order_write command via explicit arguments.csv mapping; submits to the real endpoint only with --confirm, otherwise returns a not-submitted preview.
kt10008,신용 정정주문,국내주식,신용주문,orders,credit-modify,kiwoom orders credit-modify,implemented,guarded,order_write,POST,/api/dostk/crdordr,dmst_stex_tp;orig_ord_no;stk_cd;mdfy_qty;mdfy_uv,api-id;authorization,--account when account scoped; --code when instrument scoped,Implemented order_write command via explicit arguments.csv mapping; submits to the real endpoint only with --confirm, otherwise returns a not-submitted preview.
kt10009,신용 취소주문,국내주식,신용주문,orders,credit-cancel,kiwoom orders credit-cancel,implemented,guarded,order_write,POST,/api/dostk/crdordr,dmst_stex_tp;orig_ord_no;stk_cd;cncl_qty,api-id;authorization,--account when account scoped; --code when instrument scoped,Implemented order_write command via explicit arguments.csv mapping; submits to the real endpoint only with --confirm, otherwise returns a not-submitted preview.
kt20016,신용융자 가능종목요청,국내주식,종목정보,stocks,credit-loanable,kiwoom stocks credit-loanable,implemented,public,read,POST,/api/dostk/stkinfo,,api-id;authorization,--code when a code/symbol/sector/theme is required,Implemented as an explicit stocks read command; request fields are mapped in arguments.csv.
kt20017,신용융자 가능문의,국내주식,종목정보,stocks,credit-loanable-check,kiwoom stocks credit-loanable-check,implemented,public,read,POST,/api/dostk/stkinfo,stk_cd,api-id;authorization,--code when a code/symbol/sector/theme is required,Implemented as an explicit stocks read command; request fields are mapped in arguments.csv.
kt50000,금현물 매수주문,국내주식,주문,orders,gold-buy,kiwoom orders gold-buy,implemented,guarded,order_write,POST,/api/dostk/ordr,stk_cd;ord_qty;trde_tp,api-id;authorization,--account when account scoped; --code when instrument scoped,Implemented order_write command via explicit arguments.csv mapping; submits to the real endpoint only with --confirm, otherwise returns a not-submitted preview.
kt50001,금현물 매도주문,국내주식,주문,orders,gold-sell,kiwoom orders gold-sell,implemented,guarded,order_write,POST,/api/dostk/ordr,stk_cd;ord_qty;trde_tp,api-id;authorization,--account when account scoped; --code when instrument scoped,Implemented order_write command via explicit arguments.csv mapping; submits to the real endpoint only with --confirm, otherwise returns a not-submitted preview.
kt50002,금현물 정정주문,국내주식,주문,orders,gold-modify,kiwoom orders gold-modify,implemented,guarded,order_write,POST,/api/dostk/ordr,stk_cd;orig_ord_no;mdfy_qty;mdfy_uv,api-id;authorization,--account when account scoped; --code when instrument scoped,Implemented order_write command via explicit arguments.csv mapping; submits to the real endpoint only with --confirm, otherwise returns a not-submitted preview.
kt50003,금현물 취소주문,국내주식,주문,orders,gold-cancel,kiwoom orders gold-cancel,implemented,guarded,order_write,POST,/api/dostk/ordr,orig_ord_no;stk_cd;cncl_qty,api-id;authorization,--account when account scoped; --code when instrument scoped,Implemented order_write command via explicit arguments.csv mapping; submits to the real endpoint only with --confirm, otherwise returns a not-submitted preview.
kt50020,금현물 잔고확인,국내주식,계좌,accounts,gold-balance,kiwoom accounts gold-balance,implemented,guarded,account_read,POST,/api/dostk/acnt,,api-id;authorization,--code when a code/symbol/sector/theme is required,Implemented via explicit arguments.csv mapping with account_read redaction; overseas accounts remain TODO until overseas runtime is verified.
kt50021,금현물 예수금,국내주식,계좌,accounts,gold-cash,kiwoom accounts gold-cash,implemented,guarded,account_read,POST,/api/dostk/acnt,,api-id;authorization,--code when a code/symbol/sector/theme is required,Implemented via explicit arguments.csv mapping with account_read redaction; overseas accounts remain TODO until overseas runtime is verified.
kt50030,금현물 주문체결전체조회,국내주식,계좌,accounts,gold-all-order-fills,kiwoom accounts gold-all-order-fills,implemented,guarded,account_read,POST,/api/dostk/acnt,ord_dt;mrkt_deal_tp;stk_bond_tp;slby_tp,api-id;authorization,--code when a code/symbol/sector/theme is required,Implemented via explicit arguments.csv mapping with account_read redaction; overseas accounts remain TODO until overseas runtime is verified.
kt50031,금현물 주문체결조회,국내주식,계좌,accounts,gold-order-fills,kiwoom accounts gold-order-fills,implemented,guarded,account_read,POST,/api/dostk/acnt,qry_tp;stk_bond_tp;sell_tp;dmst_stex_tp,api-id;authorization,--code when a code/symbol/sector/theme is required,Implemented via explicit arguments.csv mapping with account_read redaction; overseas accounts remain TODO until overseas runtime is verified.
kt50032,금현물 거래내역조회,국내주식,계좌,accounts,gold-transactions,kiwoom accounts gold-transactions,implemented,guarded,account_read,POST,/api/dostk/acnt,,api-id;authorization,--code when a code/symbol/sector/theme is required,Implemented via explicit arguments.csv mapping with account_read redaction; overseas accounts remain TODO until overseas runtime is verified.
kt50075,금현물 미체결조회,국내주식,계좌,accounts,gold-open-orders,kiwoom accounts gold-open-orders,implemented,guarded,account_read,POST,/api/dostk/acnt,ord_dt;mrkt_deal_tp;stk_bond_tp;sell_tp,api-id;authorization,--code when a code/symbol/sector/theme is required,Implemented via explicit arguments.csv mapping with account_read redaction; overseas accounts remain TODO until overseas runtime is verified.
usa01980,실시간 종목 조회 순위,해외주식,순위정보,overseas rankings,info,kiwoom overseas rankings info,planned,public,read,POST,/api/us/rkinfo,,api-id;authorization,--code when a code/symbol/sector/theme is required,Initial spec-derived mapping; review friendly command/action and argument map before implementation.
usa01990,관심종목 등록 상위,해외주식,순위정보,overseas rankings,list,kiwoom overseas rankings list,planned,public,read,POST,/api/us/rkinfo,,api-id;authorization,--code when a code/symbol/sector/theme is required,Initial spec-derived mapping; review friendly command/action and argument map before implementation.
usa06010,미국주식 틱 차트,해외주식,차트,overseas candles,stock-tick,kiwoom overseas candles stock-tick,planned,public,read,POST,/api/us/chart,,api-id;authorization,--code when a code/symbol/sector/theme is required,TODO: overseas API runtime is not currently working; keep mapped but do not expose as implemented command.
usa06011,미국주식 분 차트,해외주식,차트,overseas candles,stock-minute,kiwoom overseas candles stock-minute,planned,public,read,POST,/api/us/chart,,api-id;authorization,--code when a code/symbol/sector/theme is required,TODO: overseas API runtime is not currently working; keep mapped but do not expose as implemented command.
usa06012,미국주식 일 차트,해외주식,차트,overseas candles,stock-daily,kiwoom overseas candles stock-daily,planned,public,read,POST,/api/us/chart,,api-id;authorization,--code when a code/symbol/sector/theme is required,TODO: overseas API runtime is not currently working; keep mapped but do not expose as implemented command.
usa06013,미국주식 주 차트,해외주식,차트,overseas candles,stock-weekly,kiwoom overseas candles stock-weekly,planned,public,read,POST,/api/us/chart,,api-id;authorization,--code when a code/symbol/sector/theme is required,TODO: overseas API runtime is not currently working; keep mapped but do not expose as implemented command.
usa06014,미국주식 월 차트,해외주식,차트,overseas candles,stock-monthly,kiwoom overseas candles stock-monthly,planned,public,read,POST,/api/us/chart,,api-id;authorization,--code when a code/symbol/sector/theme is required,TODO: overseas API runtime is not currently working; keep mapped but do not expose as implemented command.
usa06015,미국주식 년 차트,해외주식,차트,overseas candles,stock-yearly,kiwoom overseas candles stock-yearly,planned,public,read,POST,/api/us/chart,,api-id;authorization,--code when a code/symbol/sector/theme is required,TODO: overseas API runtime is not currently working; keep mapped but do not expose as implemented command.
usa06016,미국주식 분기 차트,해외주식,차트,overseas candles,stock-quarterly,kiwoom overseas candles stock-quarterly,planned,public,read,POST,/api/us/chart,,api-id;authorization,--code when a code/symbol/sector/theme is required,TODO: overseas API runtime is not currently working; keep mapped but do not expose as implemented command.
usa06021,미국주식 업종 틱 차트,해외주식,차트,overseas candles,sector-tick,kiwoom overseas candles sector-tick,planned,public,read,POST,/api/us/chart,,api-id;authorization,--code when a code/symbol/sector/theme is required,TODO: overseas API runtime is not currently working; keep mapped but do not expose as implemented command.
usa06022,미국주식 업종 분 차트,해외주식,차트,overseas candles,sector-minute,kiwoom overseas candles sector-minute,planned,public,read,POST,/api/us/chart,,api-id;authorization,--code when a code/symbol/sector/theme is required,TODO: overseas API runtime is not currently working; keep mapped but do not expose as implemented command.
usa06023,미국주식 업종 일 차트,해외주식,차트,overseas candles,sector-daily,kiwoom overseas candles sector-daily,planned,public,read,POST,/api/us/chart,,api-id;authorization,--code when a code/symbol/sector/theme is required,TODO: overseas API runtime is not currently working; keep mapped but do not expose as implemented command.
usa06024,미국주식 업종 주 차트,해외주식,차트,overseas candles,sector-weekly,kiwoom overseas candles sector-weekly,planned,public,read,POST,/api/us/chart,,api-id;authorization,--code when a code/symbol/sector/theme is required,TODO: overseas API runtime is not currently working; keep mapped but do not expose as implemented command.
usa06025,미국주식 업종 월 차트,해외주식,차트,overseas candles,sector-monthly,kiwoom overseas candles sector-monthly,planned,public,read,POST,/api/us/chart,,api-id;authorization,--code when a code/symbol/sector/theme is required,TODO: overseas API runtime is not currently working; keep mapped but do not expose as implemented command.
usa06026,미국주식 업종 년 차트,해외주식,차트,overseas candles,sector-yearly,kiwoom overseas candles sector-yearly,planned,public,read,POST,/api/us/chart,,api-id;authorization,--code when a code/symbol/sector/theme is required,TODO: overseas API runtime is not currently working; keep mapped but do not expose as implemented command.
usa06060,미국주식 재무차트-연간,해외주식,차트,overseas candles,financial-annual,kiwoom overseas candles financial-annual,planned,public,read,POST,/api/us/chart,,api-id;authorization,--code when a code/symbol/sector/theme is required,TODO: overseas API runtime is not currently working; keep mapped but do not expose as implemented command.
usa06061,미국주식 재무차트-분기,해외주식,차트,overseas candles,financial-quarterly,kiwoom overseas candles financial-quarterly,planned,public,read,POST,/api/us/chart,,api-id;authorization,--code when a code/symbol/sector/theme is required,TODO: overseas API runtime is not currently working; keep mapped but do not expose as implemented command.
usa10099,미국주식 종목리스트,해외주식,종목정보,overseas stocks,list,kiwoom overseas stocks list,planned,public,read,POST,/api/us/stkinfo,mrkt_tp,api-id;authorization,--code when a code/symbol/sector/theme is required,Initial spec-derived mapping; review friendly command/action and argument map before implementation.
usa10100,미국주식 종목 조회,해외주식,종목정보,overseas stocks,info,kiwoom overseas stocks info,planned,public,read,POST,/api/us/stkinfo,stk_cd,api-id;authorization,--code when a code/symbol/sector/theme is required,Initial spec-derived mapping; review friendly command/action and argument map before implementation.
usa10101,미국주식 업종리스트,해외주식,종목정보,overseas stocks,list,kiwoom overseas stocks list,planned,public,read,POST,/api/us/stkinfo,,api-id;authorization,--code when a code/symbol/sector/theme is required,Initial spec-derived mapping; review friendly command/action and argument map before implementation.
usa20100,미국주식 현재가 종목정보,해외주식,시세,overseas quotes,info,kiwoom overseas quotes info,planned,public,read,POST,/api/us/mrkcond,stk_cd,api-id;authorization,--code when a code/symbol/sector/theme is required,TODO: overseas API runtime is not currently working; keep mapped but do not expose as implemented command.
usa20101,미국주식 현재가 10호가,해외주식,시세,overseas orderbooks,list,kiwoom overseas orderbooks list,planned,public,read,POST,/api/us/mrkcond,stk_cd,api-id;authorization,--code when a code/symbol/sector/theme is required,TODO: overseas API runtime is not currently working; keep mapped but do not expose as implemented command.
usa20150,미국주식 일별 상세체결내역,해외주식,시세,overseas quotes,daily-fills,kiwoom overseas quotes daily-fills,planned,public,read,POST,/api/us/mrkcond,stk_cd,api-id;authorization,--code when a code/symbol/sector/theme is required,TODO: overseas API runtime is not currently working; keep mapped but do not expose as implemented command.
usa20151,미국주식 일별 상세체결내역,해외주식,시세,overseas quotes,daily-fills-from,kiwoom overseas quotes daily-fills-from,planned,public,read,POST,/api/us/mrkcond,stk_cd,api-id;authorization,--code when a code/symbol/sector/theme is required,TODO: overseas API runtime is not currently working; keep mapped but do not expose as implemented command.
usa20200,관심종목 그룹 리스트 조회,해외주식,종목정보,overseas stocks,list,kiwoom overseas stocks list,planned,public,read,POST,/api/us/stkinfo,,api-id;authorization,--code when a code/symbol/sector/theme is required,Initial spec-derived mapping; review friendly command/action and argument map before implementation.
usa20201,관심종목 그룹 상세 조회,해외주식,종목정보,overseas stocks,lookup,kiwoom overseas stocks lookup,planned,public,read,POST,/api/us/stkinfo,,api-id;authorization,--code when a code/symbol/sector/theme is required,Initial spec-derived mapping; review friendly command/action and argument map before implementation.
usa20510,미국주식 기간별 등락률상위,해외주식,순위정보,overseas rankings,list,kiwoom overseas rankings list,planned,public,read,POST,/api/us/rkinfo,,api-id;authorization,--code when a code/symbol/sector/theme is required,Initial spec-derived mapping; review friendly command/action and argument map before implementation.
usa20511,미국주식 기간별 등락률상위,해외주식,순위정보,overseas rankings,list,kiwoom overseas rankings list,planned,public,read,POST,/api/us/rkinfo,,api-id;authorization,--code when a code/symbol/sector/theme is required,Initial spec-derived mapping; review friendly command/action and argument map before implementation.
usa20520,미국주식 거래량급등락,해외주식,종목정보,overseas stocks,list,kiwoom overseas stocks list,planned,public,read,POST,/api/us/stkinfo,,api-id;authorization,--code when a code/symbol/sector/theme is required,Initial spec-derived mapping; review friendly command/action and argument map before implementation.
usa20530,미국주식 당일 거래량 상위,해외주식,순위정보,overseas rankings,list,kiwoom overseas rankings list,planned,public,read,POST,/api/us/rkinfo,,api-id;authorization,--code when a code/symbol/sector/theme is required,Initial spec-derived mapping; review friendly command/action and argument map before implementation.
usa20540,미국주식 당일 거래대금 상위,해외주식,순위정보,overseas rankings,list,kiwoom overseas rankings list,planned,public,read,POST,/api/us/rkinfo,,api-id;authorization,--code when a code/symbol/sector/theme is required,Initial spec-derived mapping; review friendly command/action and argument map before implementation.
usa20550,미국주식 시가총액상위,해외주식,순위정보,overseas rankings,list,kiwoom overseas rankings list,planned,public,read,POST,/api/us/rkinfo,,api-id;authorization,--code when a code/symbol/sector/theme is required,Initial spec-derived mapping; review friendly command/action and argument map before implementation.
usa20570,미국주식 가격대별주가,해외주식,종목정보,overseas stocks,lookup,kiwoom overseas stocks lookup,planned,public,read,POST,/api/us/stkinfo,,api-id;authorization,--code when a code/symbol/sector/theme is required,Initial spec-derived mapping; review friendly command/action and argument map before implementation.
usa20580,미국주식 업종현재가,해외주식,업종,overseas sectors,price,kiwoom overseas sectors price,planned,public,read,POST,/api/us/sect,,api-id;authorization,--code when a code/symbol/sector/theme is required,TODO: overseas API runtime is not currently working; keep mapped but do not expose as implemented command.
usa20581,미국주식 업종현재가,해외주식,업종,overseas sectors,price-daily,kiwoom overseas sectors price-daily,planned,public,read,POST,/api/us/sect,,api-id;authorization,--code when a code/symbol/sector/theme is required,TODO: overseas API runtime is not currently working; keep mapped but do not expose as implemented command.
usa20590,미국주식 일별주가,해외주식,시세,overseas quotes,daily-price,kiwoom overseas quotes daily-price,planned,public,read,POST,/api/us/mrkcond,,api-id;authorization,--code when a code/symbol/sector/theme is required,TODO: overseas API runtime is not currently working; keep mapped but do not expose as implemented command.
usa20880,키움 거래 상위 종목(주식/ETF),해외주식,순위정보,overseas rankings,list,kiwoom overseas rankings list,planned,public,read,POST,/api/us/rkinfo,,api-id;authorization,--code when a code/symbol/sector/theme is required,Initial spec-derived mapping; review friendly command/action and argument map before implementation.
usa20910,미국주식 전일대비 등락률상위,해외주식,순위정보,overseas rankings,list,kiwoom overseas rankings list,planned,public,read,POST,/api/us/rkinfo,,api-id;authorization,--code when a code/symbol/sector/theme is required,Initial spec-derived mapping; review friendly command/action and argument map before implementation.
usa20920,미국주식 시가대비 등락률상위,해외주식,순위정보,overseas rankings,list,kiwoom overseas rankings list,planned,public,read,POST,/api/us/rkinfo,,api-id;authorization,--code when a code/symbol/sector/theme is required,Initial spec-derived mapping; review friendly command/action and argument map before implementation.
usa20921,미국주식 시가대비 등락률상위,해외주식,순위정보,overseas rankings,list,kiwoom overseas rankings list,planned,public,read,POST,/api/us/rkinfo,,api-id;authorization,--code when a code/symbol/sector/theme is required,Initial spec-derived mapping; review friendly command/action and argument map before implementation.
usa20930,미국주식 가격급등락,해외주식,종목정보,overseas stocks,list,kiwoom overseas stocks list,planned,public,read,POST,/api/us/stkinfo,,api-id;authorization,--code when a code/symbol/sector/theme is required,Initial spec-derived mapping; review friendly command/action and argument map before implementation.
usa20931,미국주식 가격급등락,해외주식,종목정보,overseas stocks,list,kiwoom overseas stocks list,planned,public,read,POST,/api/us/stkinfo,,api-id;authorization,--code when a code/symbol/sector/theme is required,Initial spec-derived mapping; review friendly command/action and argument map before implementation.
usa20940,미국주식 누적 등락률 상위,해외주식,순위정보,overseas rankings,list,kiwoom overseas rankings list,planned,public,read,POST,/api/us/rkinfo,,api-id;authorization,--code when a code/symbol/sector/theme is required,Initial spec-derived mapping; review friendly command/action and argument map before implementation.
usa20960,미국주식 전일 거래상위(거래량/거래대금),해외주식,순위정보,overseas rankings,list,kiwoom overseas rankings list,planned,public,read,POST,/api/us/rkinfo,,api-id;authorization,--code when a code/symbol/sector/theme is required,Initial spec-derived mapping; review friendly command/action and argument map before implementation.
usa20970,미국주식 고가/저가 접근,해외주식,종목정보,overseas stocks,lookup,kiwoom overseas stocks lookup,planned,public,read,POST,/api/us/stkinfo,,api-id;authorization,--code when a code/symbol/sector/theme is required,Initial spec-derived mapping; review friendly command/action and argument map before implementation.
usa20971,미국주식 고가/저가 접근,해외주식,종목정보,overseas stocks,lookup,kiwoom overseas stocks lookup,planned,public,read,POST,/api/us/stkinfo,,api-id;authorization,--code when a code/symbol/sector/theme is required,Initial spec-derived mapping; review friendly command/action and argument map before implementation.
usa20980,미국주식 PER/PBR 순위,해외주식,순위정보,overseas rankings,list,kiwoom overseas rankings list,planned,public,read,POST,/api/us/rkinfo,,api-id;authorization,--code when a code/symbol/sector/theme is required,Initial spec-derived mapping; review friendly command/action and argument map before implementation.
usa21500,미국주식 실시간 잔고,해외주식,계좌,overseas accounts,balance,kiwoom overseas accounts balance,planned,guarded,account_read,POST,/api/us/acnt,,api-id;authorization,--account when account scoped; --code when instrument scoped,Initial spec-derived mapping; review friendly command/action and argument map before implementation.
usa21520,미국주식 실시간 미체결,해외주식,계좌,overseas accounts,list-open,kiwoom overseas accounts list-open,planned,guarded,account_read,POST,/api/us/acnt,,api-id;authorization,--account when account scoped; --code when instrument scoped,Initial spec-derived mapping; review friendly command/action and argument map before implementation.
usa21670,일별계좌수익률현황,해외주식,계좌,overseas accounts,profit,kiwoom overseas accounts profit,planned,guarded,account_read,POST,/api/us/acnt,,api-id;authorization,--account when account scoped; --code when instrument scoped,Initial spec-derived mapping; review friendly command/action and argument map before implementation.
usa21680,월별계좌수익률현황,해외주식,계좌,overseas accounts,profit,kiwoom overseas accounts profit,planned,guarded,account_read,POST,/api/us/acnt,,api-id;authorization,--account when account scoped; --code when instrument scoped,Initial spec-derived mapping; review friendly command/action and argument map before implementation.
usa21690,연도별계좌수수익률현황,해외주식,계좌,overseas accounts,profit,kiwoom overseas accounts profit,planned,guarded,account_read,POST,/api/us/acnt,,api-id;authorization,--account when account scoped; --code when instrument scoped,Initial spec-derived mapping; review friendly command/action and argument map before implementation.
usa21730,일별종목수익률현황,해외주식,계좌,overseas accounts,profit,kiwoom overseas accounts profit,planned,guarded,account_read,POST,/api/us/acnt,,api-id;authorization,--account when account scoped; --code when instrument scoped,Initial spec-derived mapping; review friendly command/action and argument map before implementation.
usa21731,월별종목수익률현황,해외주식,계좌,overseas accounts,profit,kiwoom overseas accounts profit,planned,guarded,account_read,POST,/api/us/acnt,,api-id;authorization,--account when account scoped; --code when instrument scoped,Initial spec-derived mapping; review friendly command/action and argument map before implementation.
usa21732,연도별종목수익률현황,해외주식,계좌,overseas accounts,profit,kiwoom overseas accounts profit,planned,guarded,account_read,POST,/api/us/acnt,,api-id;authorization,--account when account scoped; --code when instrument scoped,Initial spec-derived mapping; review friendly command/action and argument map before implementation.
usa23000,미국주식 업종종합,해외주식,업종,overseas sectors,summary,kiwoom overseas sectors summary,planned,public,read,POST,/api/us/sect,,api-id;authorization,--code when a code/symbol/sector/theme is required,TODO: overseas API runtime is not currently working; keep mapped but do not expose as implemented command.
usa23001,미국주식 업종종합,해외주식,업종,overseas sectors,summary-rank,kiwoom overseas sectors summary-rank,planned,public,read,POST,/api/us/sect,,api-id;authorization,--code when a code/symbol/sector/theme is required,TODO: overseas API runtime is not currently working; keep mapped but do not expose as implemented command.
usa23100,미국주식 업종별주가,해외주식,업종,overseas sectors,stocks,kiwoom overseas sectors stocks,planned,public,read,POST,/api/us/sect,,api-id;authorization,--code when a code/symbol/sector/theme is required,TODO: overseas API runtime is not currently working; keep mapped but do not expose as implemented command.
usa23400,미국주식 거래량갱신,해외주식,종목정보,overseas stocks,lookup,kiwoom overseas stocks lookup,planned,public,read,POST,/api/us/stkinfo,,api-id;authorization,--code when a code/symbol/sector/theme is required,Initial spec-derived mapping; review friendly command/action and argument map before implementation.
usa23401,미국주식 거래량갱신,해외주식,종목정보,overseas stocks,lookup,kiwoom overseas stocks lookup,planned,public,read,POST,/api/us/stkinfo,,api-id;authorization,--code when a code/symbol/sector/theme is required,Initial spec-derived mapping; review friendly command/action and argument map before implementation.
usa24100,미국주식 신고가/신저가,해외주식,종목정보,overseas stocks,lookup,kiwoom overseas stocks lookup,planned,public,read,POST,/api/us/stkinfo,,api-id;authorization,--code when a code/symbol/sector/theme is required,Initial spec-derived mapping; review friendly command/action and argument map before implementation.
usa24110,미국주식 최고최저가대비 상승하,해외주식,순위정보,overseas rankings,lookup,kiwoom overseas rankings lookup,planned,public,read,POST,/api/us/rkinfo,,api-id;authorization,--code when a code/symbol/sector/theme is required,Initial spec-derived mapping; review friendly command/action and argument map before implementation.
usa24120,미국주식 특정일자 상승/하락,해외주식,순위정보,overseas rankings,lookup,kiwoom overseas rankings lookup,planned,public,read,POST,/api/us/rkinfo,,api-id;authorization,--code when a code/symbol/sector/theme is required,Initial spec-derived mapping; review friendly command/action and argument map before implementation.
usa24140,미국주식 갭상승/갭하락,해외주식,종목정보,overseas stocks,lookup,kiwoom overseas stocks lookup,planned,public,read,POST,/api/us/stkinfo,,api-id;authorization,--code when a code/symbol/sector/theme is required,Initial spec-derived mapping; review friendly command/action and argument map before implementation.
usa24150,미국주식 회전율 상위,해외주식,순위정보,overseas rankings,list,kiwoom overseas rankings list,planned,public,read,POST,/api/us/rkinfo,,api-id;authorization,--code when a code/symbol/sector/theme is required,Initial spec-derived mapping; review friendly command/action and argument map before implementation.
usa24160,미국주식 연속상승/하락 순위,해외주식,순위정보,overseas rankings,list,kiwoom overseas rankings list,planned,public,read,POST,/api/us/rkinfo,,api-id;authorization,--code when a code/symbol/sector/theme is required,Initial spec-derived mapping; review friendly command/action and argument map before implementation.
usa24161,미국주식 연속상승/하락 순위,해외주식,순위정보,overseas rankings,list,kiwoom overseas rankings list,planned,public,read,POST,/api/us/rkinfo,,api-id;authorization,--code when a code/symbol/sector/theme is required,Initial spec-derived mapping; review friendly command/action and argument map before implementation.
usa24200,미국주식 호가잔량상위,해외주식,순위정보,overseas rankings,list,kiwoom overseas rankings list,planned,public,read,POST,/api/us/rkinfo,,api-id;authorization,--code when a code/symbol/sector/theme is required,Initial spec-derived mapping; review friendly command/action and argument map before implementation.
usa24210,미국주식 잔량률급증,해외주식,종목정보,overseas stocks,lookup,kiwoom overseas stocks lookup,planned,public,read,POST,/api/us/stkinfo,,api-id;authorization,--code when a code/symbol/sector/theme is required,Initial spec-derived mapping; review friendly command/action and argument map before implementation.
usa24220,미국주식 매물대집중,해외주식,종목정보,overseas stocks,lookup,kiwoom overseas stocks lookup,planned,public,read,POST,/api/us/stkinfo,,api-id;authorization,--code when a code/symbol/sector/theme is required,Initial spec-derived mapping; review friendly command/action and argument map before implementation.
usa24260,미국주식 주요종목,해외주식,종목정보,overseas stocks,lookup,kiwoom overseas stocks lookup,planned,public,read,POST,/api/us/stkinfo,,api-id;authorization,--code when a code/symbol/sector/theme is required,Initial spec-derived mapping; review friendly command/action and argument map before implementation.
usa24290,미국주식 주간거래 괴리율 상위,해외주식,순위정보,overseas rankings,list,kiwoom overseas rankings list,planned,public,read,POST,/api/us/rkinfo,,api-id;authorization,--code when a code/symbol/sector/theme is required,Initial spec-derived mapping; review friendly command/action and argument map before implementation.
usa24300,미국주식 리서치(미국주식/ETF),해외주식,투자정보,investment-info,research,kiwoom investment-info research,planned,public,read,POST,/api/us/invtinfo,,api-id;authorization,--code when a code/symbol/sector/theme is required,TODO: overseas API runtime is not currently working; keep mapped but do not expose as implemented command.
usa26330,미국주식 평가변동,해외주식,투자정보,investment-info,valuation-change,kiwoom investment-info valuation-change,planned,public,read,POST,/api/us/invtinfo,,api-id;authorization,--code when a code/symbol/sector/theme is required,TODO: overseas API runtime is not currently working; keep mapped but do not expose as implemented command.
usa26410,미국주식 연도별 등락률,해외주식,종목정보,overseas stocks,lookup,kiwoom overseas stocks lookup,planned,public,read,POST,/api/us/stkinfo,,api-id;authorization,--code when a code/symbol/sector/theme is required,Initial spec-derived mapping; review friendly command/action and argument map before implementation.
usa26411,미국주식 연도별 등락률,해외주식,종목정보,overseas stocks,lookup,kiwoom overseas stocks lookup,planned,public,read,POST,/api/us/stkinfo,,api-id;authorization,--code when a code/symbol/sector/theme is required,Initial spec-derived mapping; review friendly command/action and argument map before implementation.
usa26412,미국주식 연도별 등락률,해외주식,종목정보,overseas stocks,lookup,kiwoom overseas stocks lookup,planned,public,read,POST,/api/us/stkinfo,,api-id;authorization,--code when a code/symbol/sector/theme is required,Initial spec-derived mapping; review friendly command/action and argument map before implementation.
usa26500,미국주식 배당주 검색,해외주식,투자정보,investment-info,dividend-search,kiwoom investment-info dividend-search,planned,public,read,POST,/api/us/invtinfo,,api-id;authorization,--code when a code/symbol/sector/theme is required,TODO: overseas API runtime is not currently working; keep mapped but do not expose as implemented command.
usa26501,미국주식 배당주 검색,해외주식,투자정보,investment-info,dividend-search-category,kiwoom investment-info dividend-search-category,planned,public,read,POST,/api/us/invtinfo,,api-id;authorization,--code when a code/symbol/sector/theme is required,TODO: overseas API runtime is not currently working; keep mapped but do not expose as implemented command.
usa26510,미국주식 배당주 순위,해외주식,투자정보,investment-info,dividend-rank,kiwoom investment-info dividend-rank,planned,public,read,POST,/api/us/invtinfo,,api-id;authorization,--code when a code/symbol/sector/theme is required,TODO: overseas API runtime is not currently working; keep mapped but do not expose as implemented command.
usa26511,미국주식 배당주 순위,해외주식,투자정보,investment-info,dividend-rank-category,kiwoom investment-info dividend-rank-category,planned,public,read,POST,/api/us/invtinfo,,api-id;authorization,--code when a code/symbol/sector/theme is required,TODO: overseas API runtime is not currently working; keep mapped but do not expose as implemented command.
usa26520,미국주식 BEST 배당주,해외주식,투자정보,investment-info,best-dividends,kiwoom investment-info best-dividends,planned,public,read,POST,/api/us/invtinfo,,api-id;authorization,--code when a code/symbol/sector/theme is required,TODO: overseas API runtime is not currently working; keep mapped but do not expose as implemented command.
usa26530,미국주식 종목별 배당,해외주식,투자정보,investment-info,dividend-annual,kiwoom investment-info dividend-annual,planned,public,read,POST,/api/us/invtinfo,,api-id;authorization,--code when a code/symbol/sector/theme is required,TODO: overseas API runtime is not currently working; keep mapped but do not expose as implemented command.
usa26531,미국주식 종목별 배당,해외주식,투자정보,investment-info,dividend-schedule,kiwoom investment-info dividend-schedule,planned,public,read,POST,/api/us/invtinfo,,api-id;authorization,--code when a code/symbol/sector/theme is required,TODO: overseas API runtime is not currently working; keep mapped but do not expose as implemented command.
usa26532,미국주식 종목별 배당,해외주식,투자정보,investment-info,dividend-events,kiwoom investment-info dividend-events,planned,public,read,POST,/api/us/invtinfo,,api-id;authorization,--code when a code/symbol/sector/theme is required,TODO: overseas API runtime is not currently working; keep mapped but do not expose as implemented command.
usa26533,미국주식 종목별 배당,해외주식,투자정보,investment-info,dividend-growth,kiwoom investment-info dividend-growth,planned,public,read,POST,/api/us/invtinfo,,api-id;authorization,--code when a code/symbol/sector/theme is required,TODO: overseas API runtime is not currently working; keep mapped but do not expose as implemented command.
usa26534,미국주식 종목별 배당,해외주식,투자정보,investment-info,dividend-summary,kiwoom investment-info dividend-summary,planned,public,read,POST,/api/us/invtinfo,,api-id;authorization,--code when a code/symbol/sector/theme is required,TODO: overseas API runtime is not currently working; keep mapped but do not expose as implemented command.
usa26760,미국주식 종목별 공매도 추이,해외주식,종목정보,overseas stocks,by-stock,kiwoom overseas stocks by-stock,planned,public,read,POST,/api/us/stkinfo,,api-id;authorization,--code when a code/symbol/sector/theme is required,Initial spec-derived mapping; review friendly command/action and argument map before implementation.
usa26770,미국주식 종목별 미상환 잔고,해외주식,종목정보,overseas stocks,balance,kiwoom overseas stocks balance,planned,public,read,POST,/api/us/stkinfo,,api-id;authorization,--code when a code/symbol/sector/theme is required,Initial spec-derived mapping; review friendly command/action and argument map before implementation.
ust20000,미국주식 매수 주문,해외주식,주문,overseas orders,buy,kiwoom overseas orders buy,planned,preview-only,order_write,POST,/api/us/ordr,stk_code;ord_qty;trde_tp,api-id;authorization,--account when account scoped; --code when instrument scoped,Initial spec-derived mapping; review friendly command/action and argument map before implementation.
ust20001,미국주식 매도 주문,해외주식,주문,overseas orders,sell,kiwoom overseas orders sell,planned,preview-only,order_write,POST,/api/us/ordr,stk_code;ord_qty;trde_tp,api-id;authorization,--account when account scoped; --code when instrument scoped,Initial spec-derived mapping; review friendly command/action and argument map before implementation.
ust20002,미국주식 정정 주문,해외주식,주문,overseas orders,modify,kiwoom overseas orders modify,planned,preview-only,order_write,POST,/api/us/ordr,orig_ord_no;stk_code,api-id;authorization,--account when account scoped; --code when instrument scoped,Initial spec-derived mapping; review friendly command/action and argument map before implementation.
ust20003,미국주식 취소 주문,해외주식,주문,overseas orders,cancel,kiwoom overseas orders cancel,planned,preview-only,order_write,POST,/api/us/ordr,orig_ord_no;stk_code,api-id;authorization,--account when account scoped; --code when instrument scoped,Initial spec-derived mapping; review friendly command/action and argument map before implementation.
ust21050,미국주식 원장 미체결,해외주식,계좌,overseas accounts,list-open,kiwoom overseas accounts list-open,planned,guarded,account_read,POST,/api/us/acnt,,api-id;authorization,--account when account scoped; --code when instrument scoped,Initial spec-derived mapping; review friendly command/action and argument map before implementation.
ust21070,미국주식 원장잔고확인,해외주식,계좌,overseas accounts,balance,kiwoom overseas accounts balance,planned,guarded,account_read,POST,/api/us/acnt,,api-id;authorization,--account when account scoped; --code when instrument scoped,Initial spec-derived mapping; review friendly command/action and argument map before implementation.
ust21100,미국주식 거래내역,해외주식,계좌,overseas accounts,lookup,kiwoom overseas accounts lookup,planned,guarded,account_read,POST,/api/us/acnt,,api-id;authorization,--account when account scoped; --code when instrument scoped,Initial spec-derived mapping; review friendly command/action and argument map before implementation.
ust21110,미국주식 예수금,해외주식,계좌,overseas accounts,cash,kiwoom overseas accounts cash,planned,guarded,account_read,POST,/api/us/acnt,,api-id;authorization,--account when account scoped; --code when instrument scoped,Initial spec-derived mapping; review friendly command/action and argument map before implementation.
ust21111,해외주식 인출가능금액,해외주식,계좌,overseas accounts,cash,kiwoom overseas accounts cash,planned,guarded,account_read,POST,/api/us/acnt,,api-id;authorization,--account when account scoped; --code when instrument scoped,Initial spec-derived mapping; review friendly command/action and argument map before implementation.
ust21120,미국주식 원장 잔고현황,해외주식,계좌,overseas accounts,balance,kiwoom overseas accounts balance,planned,guarded,account_read,POST,/api/us/acnt,,api-id;authorization,--account when account scoped; --code when instrument scoped,Initial spec-derived mapping; review friendly command/action and argument map before implementation.
ust21121,미국주식 원장 잔고현황,해외주식,계좌,overseas accounts,balance,kiwoom overseas accounts balance,planned,guarded,account_read,POST,/api/us/acnt,,api-id;authorization,--account when account scoped; --code when instrument scoped,Initial spec-derived mapping; review friendly command/action and argument map before implementation.
ust21122,해외증권 계좌 잔고평가현황,해외주식,계좌,overseas accounts,balance,kiwoom overseas accounts balance,planned,guarded,account_read,POST,/api/us/acnt,cmsn_incl_tp;exrt_tp,api-id;authorization,--account when account scoped; --code when instrument scoped,Initial spec-derived mapping; review friendly command/action and argument map before implementation.
ust21130,미국주식 특정일 잔고,해외주식,계좌,overseas accounts,balance,kiwoom overseas accounts balance,planned,guarded,account_read,POST,/api/us/acnt,,api-id;authorization,--account when account scoped; --code when instrument scoped,Initial spec-derived mapping; review friendly command/action and argument map before implementation.
ust21131,미국주식 특정일 잔고,해외주식,계좌,overseas accounts,balance,kiwoom overseas accounts balance,planned,guarded,account_read,POST,/api/us/acnt,,api-id;authorization,--account when account scoped; --code when instrument scoped,Initial spec-derived mapping; review friendly command/action and argument map before implementation.
ust21132,미국주식 특정일 잔고,해외주식,계좌,overseas accounts,balance,kiwoom overseas accounts balance,planned,guarded,account_read,POST,/api/us/acnt,,api-id;authorization,--account when account scoped; --code when instrument scoped,Initial spec-derived mapping; review friendly command/action and argument map before implementation.
ust21150,미국주식 일별 주문체결내역,해외주식,계좌,overseas accounts,list-fills,kiwoom overseas accounts list-fills,planned,guarded,account_read,POST,/api/us/acnt,,api-id;authorization,--account when account scoped; --code when instrument scoped,Initial spec-derived mapping; review friendly command/action and argument map before implementation.
ust21160,미국주식 예수금 상세,해외주식,계좌,overseas accounts,cash,kiwoom overseas accounts cash,planned,guarded,account_read,POST,/api/us/acnt,,api-id;authorization,--account when account scoped; --code when instrument scoped,Initial spec-derived mapping; review friendly command/action and argument map before implementation.
ust21170,미국주식 당일 종목별 실현손익,해외주식,계좌,overseas accounts,profit,kiwoom overseas accounts profit,planned,guarded,account_read,POST,/api/us/acnt,,api-id;authorization,--account when account scoped; --code when instrument scoped,Initial spec-derived mapping; review friendly command/action and argument map before implementation.
ust21180,미국주식 기간별 주문체결내역,해외주식,계좌,overseas accounts,list-fills,kiwoom overseas accounts list-fills,planned,guarded,account_read,POST,/api/us/acnt,,api-id;authorization,--account when account scoped; --code when instrument scoped,Initial spec-derived mapping; review friendly command/action and argument map before implementation.
ust21200,미국주식 기간별 예약주문,해외주식,주문,overseas orders,lookup,kiwoom overseas orders lookup,planned,preview-only,order_write,POST,/api/us/ordr,stex_tp;am_pm_tp;rsrv_ord_tp;rsrv_strt_dt;rsrv_end_dt;stk_code;ord_qty;ord_uv;frgn_trde_tp;slby_tp,api-id;authorization,--account when account scoped; --code when instrument scoped,Initial spec-derived mapping; review friendly command/action and argument map before implementation.
ust21201,미국주식 예약주문 내역조회,해외주식,주문,overseas orders,lookup,kiwoom overseas orders lookup,planned,preview-only,order_write,POST,/api/us/ordr,,api-id;authorization,--account when account scoped; --code when instrument scoped,Initial spec-derived mapping; review friendly command/action and argument map before implementation.
ust21202,미국주식 예약주문 취소,해외주식,주문,overseas orders,cancel,kiwoom overseas orders cancel,planned,preview-only,order_write,POST,/api/us/ordr,rsrv_dt;rsrv_ord_no;stex_tp;stk_code,api-id;authorization,--account when account scoped; --code when instrument scoped,Initial spec-derived mapping; review friendly command/action and argument map before implementation.
ust21203,미국주식 예약주문 정정,해외주식,주문,overseas orders,modify,kiwoom overseas orders modify,planned,preview-only,order_write,POST,/api/us/ordr,rsrv_dt;rsrv_ord_no;stex_tp;stk_code;mdfy_uv;rsrv_end_dt,api-id;authorization,--account when account scoped; --code when instrument scoped,Initial spec-derived mapping; review friendly command/action and argument map before implementation.
ust21204,미국주식 계좌별 일자별 예약내역 조회,해외주식,주문,overseas orders,lookup,kiwoom overseas orders lookup,planned,preview-only,order_write,POST,/api/us/ordr,,api-id;authorization,--account when account scoped; --code when instrument scoped,Initial spec-derived mapping; review friendly command/action and argument map before implementation.
ust21380,미국주식 권리내역,해외주식,계좌,overseas accounts,lookup,kiwoom overseas accounts lookup,planned,guarded,account_read,POST,/api/us/acnt,,api-id;authorization,--account when account scoped; --code when instrument scoped,Initial spec-derived mapping; review friendly command/action and argument map before implementation.
ust21510,미국주식 주문체결 확인,해외주식,계좌,overseas accounts,list-fills,kiwoom overseas accounts list-fills,planned,guarded,account_read,POST,/api/us/acnt,,api-id;authorization,--account when account scoped; --code when instrument scoped,Initial spec-derived mapping; review friendly command/action and argument map before implementation.
ust21530,미국주식 실현손익,해외주식,계좌,overseas accounts,profit,kiwoom overseas accounts profit,planned,guarded,account_read,POST,/api/us/acnt,,api-id;authorization,--account when account scoped; --code when instrument scoped,Initial spec-derived mapping; review friendly command/action and argument map before implementation.
ust21531,미국주식 실현손익,해외주식,계좌,overseas accounts,profit,kiwoom overseas accounts profit,planned,guarded,account_read,POST,/api/us/acnt,qry_dt,api-id;authorization,--account when account scoped; --code when instrument scoped,Initial spec-derived mapping; review friendly command/action and argument map before implementation.
ust21610,미국주식 당일매매,해외주식,계좌,overseas accounts,lookup,kiwoom overseas accounts lookup,planned,guarded,account_read,POST,/api/us/acnt,,api-id;authorization,--account when account scoped; --code when instrument scoped,Initial spec-derived mapping; review friendly command/action and argument map before implementation.
ust21620,미국주식 당일매매정리,해외주식,계좌,overseas accounts,lookup,kiwoom overseas accounts lookup,planned,guarded,account_read,POST,/api/us/acnt,,api-id;authorization,--account when account scoped; --code when instrument scoped,Initial spec-derived mapping; review friendly command/action and argument map before implementation.
ust21630,미국주식 당일 실현손익,해외주식,계좌,overseas accounts,profit,kiwoom overseas accounts profit,planned,guarded,account_read,POST,/api/us/acnt,,api-id;authorization,--account when account scoped; --code when instrument scoped,Initial spec-derived mapping; review friendly command/action and argument map before implementation.
ust21640,미국주식 일별 종목별 실현손익,해외주식,계좌,overseas accounts,profit,kiwoom overseas accounts profit,planned,guarded,account_read,POST,/api/us/acnt,,api-id;authorization,--account when account scoped; --code when instrument scoped,Initial spec-derived mapping; review friendly command/action and argument map before implementation.
ust21650,미국주식 기간별 수익률 현황,해외주식,계좌,overseas accounts,profit,kiwoom overseas accounts profit,planned,guarded,account_read,POST,/api/us/acnt,,api-id;authorization,--account when account scoped; --code when instrument scoped,Initial spec-derived mapping; review friendly command/action and argument map before implementation.
ust21660,미국주식 일별 실현손익,해외주식,계좌,overseas accounts,profit,kiwoom overseas accounts profit,planned,guarded,account_read,POST,/api/us/acnt,,api-id;authorization,--account when account scoped; --code when instrument scoped,Initial spec-derived mapping; review friendly command/action and argument map before implementation.
ust21661,미국주식 일별 실현손익,해외주식,계좌,overseas accounts,profit,kiwoom overseas accounts profit,planned,guarded,account_read,POST,/api/us/acnt,,api-id;authorization,--account when account scoped; --code when instrument scoped,Initial spec-derived mapping; review friendly command/action and argument map before implementation.
ust30130,미국주식 원화주문 가능금액,해외주식,기타,overseas-review,review-only,,review,planned,review_required,POST,/api/us/etc,,api-id;authorization,,Covered for full CLI mapping; planned rows need UX review and preview-only rows must stop at request validation until semantics and safety policy are approved.
ust30131,미국주식 원화주문 가능금액,해외주식,기타,overseas-review,review-only,,review,planned,review_required,POST,/api/us/etc,,api-id;authorization,,Covered for full CLI mapping; planned rows need UX review and preview-only rows must stop at request validation until semantics and safety policy are approved.
ust30132,미국주식 원화주문 가능금액,해외주식,기타,overseas-review,review-only,,review,planned,review_required,POST,/api/us/etc,tp;amt_tp;krw_repl_asgna,api-id;authorization,,Covered for full CLI mapping; planned rows need UX review and preview-only rows must stop at request validation until semantics and safety policy are approved.
ust30133,미국주식 원화주문 가능금액,해외주식,기타,overseas-review,review-only,,review,planned,review_required,POST,/api/us/etc,auto_asgn_abnd_tp,api-id;authorization,,Covered for full CLI mapping; planned rows need UX review and preview-only rows must stop at request validation until semantics and safety policy are approved.
ust30140,미국주식 원화주문설정금 환전,해외주식,기타,overseas-review,review-only,,review,preview-only,review_required,POST,/api/us/etc,crnc_code,api-id;authorization,,Covered for full CLI mapping; planned rows need UX review and preview-only rows must stop at request validation until semantics and safety policy are approved.
ust30141,미국주식 원화주문설정금 환전,해외주식,기타,overseas-review,review-only,,review,preview-only,review_required,POST,/api/us/etc,,api-id;authorization,,Covered for full CLI mapping; planned rows need UX review and preview-only rows must stop at request validation until semantics and safety policy are approved.
ust30142,미국주식 원화주문설정금 환전,해외주식,기타,overseas-review,review-only,,review,preview-only,review_required,POST,/api/us/etc,crnc_code,api-id;authorization,,Covered for full CLI mapping; planned rows need UX review and preview-only rows must stop at request validation until semantics and safety policy are approved.
ust31280,자동환전조회취소,해외주식,기타,overseas-review,review-only,,review,preview-only,review_required,POST,/api/us/etc,,api-id;authorization,,Covered for full CLI mapping; planned rows need UX review and preview-only rows must stop at request validation until semantics and safety policy are approved.
ust31281,자동환전조회취소,해외주식,기타,overseas-review,review-only,,review,preview-only,review_required,POST,/api/us/etc,,api-id;authorization,,Covered for full CLI mapping; planned rows need UX review and preview-only rows must stop at request validation until semantics and safety policy are approved.
ust31290,목표환율 자동환전 신청,해외주식,기타,overseas-review,review-only,,review,preview-only,review_required,POST,/api/us/etc,tp,api-id;authorization,,Covered for full CLI mapping; planned rows need UX review and preview-only rows must stop at request validation until semantics and safety policy are approved.
ust31291,목표환율 자동환전 신청,해외주식,기타,overseas-review,review-only,,review,preview-only,review_required,POST,/api/us/etc,exmn_tp;crnc_code,api-id;authorization,,Covered for full CLI mapping; planned rows need UX review and preview-only rows must stop at request validation until semantics and safety policy are approved.
ust31292,목표환율 자동환전 신청,해외주식,기타,overseas-review,review-only,,review,preview-only,review_required,POST,/api/us/etc,base_dt;rsrv_exrt_tp;exmn_tp;crnc_code,api-id;authorization,,Covered for full CLI mapping; planned rows need UX review and preview-only rows must stop at request validation until semantics and safety policy are approved.
ust31300,외화환전신청,해외주식,기타,overseas-review,review-only,,review,preview-only,review_required,POST,/api/us/etc,exmn_tp,api-id;authorization,,Covered for full CLI mapping; planned rows need UX review and preview-only rows must stop at request validation until semantics and safety policy are approved.
ust31301,외화환전신청,해외주식,기타,overseas-review,review-only,,review,preview-only,review_required,POST,/api/us/etc,sell_crnc_code;buy_crnc_code;exmn_tp,api-id;authorization,,Covered for full CLI mapping; planned rows need UX review and preview-only rows must stop at request validation until semantics and safety policy are approved.
ust31302,외화환전신청,해외주식,기타,overseas-review,review-only,,review,preview-only,review_required,POST,/api/us/etc,sell_crnc_code;buy_crnc_code;sell_aplc_exrt;buy_aplc_exrt;engg_yn;exmn_tp;fc_exmn_amt,api-id;authorization,,Covered for full CLI mapping; planned rows need UX review and preview-only rows must stop at request validation until semantics and safety policy are approved.
ust31490,미국주식 주문가능수량(종목/증거금률별),해외주식,주문,overseas orders,cash,kiwoom overseas orders cash,planned,preview-only,order_write,POST,/api/us/ordr,stex_tp;stk_code;uv,api-id;authorization,--account when account scoped; --code when instrument scoped,Initial spec-derived mapping; review friendly command/action and argument map before implementation.
ust31500,미국주식 반대매매 예정내역,해외주식,계좌,overseas accounts,lookup,kiwoom overseas accounts lookup,planned,guarded,account_read,POST,/api/us/acnt,,api-id;authorization,--account when account scoped; --code when instrument scoped,Initial spec-derived mapping; review friendly command/action and argument map before implementation.
ust31510,미국주식 미수금 내역조회,해외주식,계좌,overseas accounts,lookup,kiwoom overseas accounts lookup,planned,guarded,account_read,POST,/api/us/acnt,,api-id;authorization,--account when account scoped; --code when instrument scoped,Initial spec-derived mapping; review friendly command/action and argument map before implementation.
ust31520,미국주식 배당금 입금 내역,해외주식,계좌,overseas accounts,lookup,kiwoom overseas accounts lookup,planned,guarded,account_read,POST,/api/us/acnt,,api-id;authorization,--account when account scoped; --code when instrument scoped,Initial spec-derived mapping; review friendly command/action and argument map before implementation.
ust31521,미국주식 배당금 입금 내역,해외주식,계좌,overseas accounts,lookup,kiwoom overseas accounts lookup,planned,guarded,account_read,POST,/api/us/acnt,,api-id;authorization,--account when account scoped; --code when instrument scoped,Initial spec-derived mapping; review friendly command/action and argument map before implementation.
ust71920,해외주식 통합증거금 상세조회,해외주식,기타,overseas-review,review-only,,review,planned,review_required,POST,/api/us/etc,,api-id;authorization,,Covered for full CLI mapping; planned rows need UX review and preview-only rows must stop at request validation until semantics and safety policy are approved.
00,주문체결,국내주식,실시간시세,streams,order-fills,kiwoom streams order-fills,implemented,guarded,account_read,POST,/api/dostk/websocket,trnm;grp_no;refresh;type,api-id;authorization,--code when a code/symbol/sector/theme is required,Implemented via explicit arguments.csv mapping and package WebSocket client.
04,잔고,국내주식,실시간시세,streams,balance,kiwoom streams balance,implemented,guarded,account_read,POST,/api/dostk/websocket,trnm;grp_no;refresh;type,api-id;authorization,--code when a code/symbol/sector/theme is required,Implemented via explicit arguments.csv mapping and package WebSocket client.
0A,주식기세,국내주식,실시간시세,streams,momentum,kiwoom streams momentum,implemented,public,read,POST,/api/dostk/websocket,trnm;grp_no;refresh;type,api-id;authorization,--code when a code/symbol/sector/theme is required,Implemented via explicit arguments.csv mapping and package WebSocket client.
0B,주식체결,국내주식,실시간시세,streams,trades,kiwoom streams trades,implemented,public,read,POST,/api/dostk/websocket,trnm;grp_no;refresh;type,api-id;authorization,--code when a code/symbol/sector/theme is required,Implemented via explicit arguments.csv mapping and package WebSocket client.
0C,주식우선호가,국내주식,실시간시세,streams,best-quotes,kiwoom streams best-quotes,implemented,public,read,POST,/api/dostk/websocket,trnm;grp_no;refresh;type,api-id;authorization,--code when a code/symbol/sector/theme is required,Implemented via explicit arguments.csv mapping and package WebSocket client.
0D,주식호가잔량,국내주식,실시간시세,streams,orderbook,kiwoom streams orderbook,implemented,public,read,POST,/api/dostk/websocket,trnm;grp_no;refresh;type,api-id;authorization,--code when a code/symbol/sector/theme is required,Implemented via explicit arguments.csv mapping and package WebSocket client.
0E,주식시간외호가,국내주식,실시간시세,streams,after-hours-orderbook,kiwoom streams after-hours-orderbook,implemented,public,read,POST,/api/dostk/websocket,trnm;grp_no;refresh;type,api-id;authorization,--code when a code/symbol/sector/theme is required,Implemented via explicit arguments.csv mapping and package WebSocket client.
0F,주식당일거래원,국내주식,실시간시세,streams,brokers,kiwoom streams brokers,implemented,public,read,POST,/api/dostk/websocket,trnm;grp_no;refresh;type,api-id;authorization,--code when a code/symbol/sector/theme is required,Implemented via explicit arguments.csv mapping and package WebSocket client.
0G,ETF NAV,국내주식,실시간시세,streams,etf-nav,kiwoom streams etf-nav,implemented,public,read,POST,/api/dostk/websocket,trnm;grp_no;refresh;type,api-id;authorization,--code when a code/symbol/sector/theme is required,Implemented via explicit arguments.csv mapping and package WebSocket client.
0H,주식예상체결,국내주식,실시간시세,streams,expected-fills,kiwoom streams expected-fills,implemented,public,read,POST,/api/dostk/websocket,trnm;grp_no;refresh;type,api-id;authorization,--code when a code/symbol/sector/theme is required,Implemented via explicit arguments.csv mapping and package WebSocket client.
0I,국제금환산가격,국내주식,실시간시세,streams,gold-conversion,kiwoom streams gold-conversion,implemented,public,read,POST,/api/dostk/websocket,trnm;grp_no;refresh;type,api-id;authorization,--code when a code/symbol/sector/theme is required,Implemented via explicit arguments.csv mapping and package WebSocket client.
0J,업종지수,국내주식,실시간시세,streams,sector-index,kiwoom streams sector-index,implemented,public,read,POST,/api/dostk/websocket,trnm;grp_no;refresh;type,api-id;authorization,--code when a code/symbol/sector/theme is required,Implemented via explicit arguments.csv mapping and package WebSocket client.
0U,업종등락,국내주식,실시간시세,streams,sector-change,kiwoom streams sector-change,implemented,public,read,POST,/api/dostk/websocket,trnm;grp_no;refresh;type,api-id;authorization,--code when a code/symbol/sector/theme is required,Implemented via explicit arguments.csv mapping and package WebSocket client.
0g,주식종목정보,국내주식,실시간시세,streams,stock-info,kiwoom streams stock-info,implemented,public,read,POST,/api/dostk/websocket,trnm;grp_no;refresh;type,api-id;authorization,--code when a code/symbol/sector/theme is required,Implemented via explicit arguments.csv mapping and package WebSocket client.
0m,ELW 이론가,국내주식,실시간시세,streams,elw-theory,kiwoom streams elw-theory,implemented,public,read,POST,/api/dostk/websocket,trnm;grp_no;refresh;type,api-id;authorization,--code when a code/symbol/sector/theme is required,Implemented via explicit arguments.csv mapping and package WebSocket client.
0s,장시작시간,국내주식,실시간시세,streams,market-open,kiwoom streams market-open,implemented,public,read,POST,/api/dostk/websocket,trnm;grp_no;refresh;type,api-id;authorization,--code when a code/symbol/sector/theme is required,Implemented via explicit arguments.csv mapping and package WebSocket client.
0u,ELW 지표,국내주식,실시간시세,streams,elw-indicator,kiwoom streams elw-indicator,implemented,public,read,POST,/api/dostk/websocket,trnm;grp_no;refresh;type,api-id;authorization,--code when a code/symbol/sector/theme is required,Implemented via explicit arguments.csv mapping and package WebSocket client.
0w,종목프로그램매매,국내주식,실시간시세,streams,program-trades,kiwoom streams program-trades,implemented,public,read,POST,/api/dostk/websocket,trnm;grp_no;refresh;type,api-id;authorization,--code when a code/symbol/sector/theme is required,Implemented via explicit arguments.csv mapping and package WebSocket client.
1h,VI발동/해제,국내주식,실시간시세,streams,vi,kiwoom streams vi,implemented,public,read,POST,/api/dostk/websocket,trnm;grp_no;refresh;type,api-id;authorization,--code when a code/symbol/sector/theme is required,Implemented via explicit arguments.csv mapping and package WebSocket client.
